# Exported from Nomad Sculpt
o Doos
usemtl Doos
v -0.37831444 0.748863756 0.472453504
v -0.37150019 0.745028555 0.446970641
v -0.38515818 0.745000898 0.451680004
v -0.38330859 0.744891822 0.470782727
v -0.37512934 0.744745910 0.491901099
v -0.38064164 0.740001499 0.489755153
v -0.3494646 0.727077007 0.471461683
v -0.36994761 0.722102224 0.446599483
v -0.38252652 0.730676770 0.506732583
v -0.3945595 0.722310841 0.447306096
v -0.39951974 0.730134248 0.473807454
v -0.39004922 0.725141108 0.503336906
v -0.37338835 0.709098517 0.526405513
v -0.384323 0.707751214 0.525630295
v -0.34862399 0.689289152 0.505748987
v -0.34963691 0.687577307 0.470612108
v -0.37043005 0.682538271 0.525942444
v -0.37056029 0.687785208 0.446127980
v -0.39769518 0.687080562 0.446893692
v -0.41877133 0.711447358 0.448139458
v -0.41985041 0.714045345 0.47462973
v -0.43088329 0.685915112 0.447825908
v -0.41102451 0.706519663 0.506409585
v -0.39609933 0.683953583 0.526696562
v -0.37108213 0.649219036 0.525486171
v -0.34884405 0.649424374 0.503301084
v -0.39637119 0.648720860 0.526202201
v -0.34979838 0.649898827 0.46992594
v -0.37077504 0.650341153 0.44560045
v -0.39861494 0.650468230 0.446398139
v -0.4330337 0.650562584 0.447383672
v -0.44138592 0.699245393 0.474785506
v -0.45989871 0.675891220 0.448512584
v -0.46508241 0.683079421 0.474725216
v -0.47240949 0.650485098 0.448508262
v -0.43700242 0.693219840 0.507004261
v -0.42707032 0.674128532 0.527442038
v -0.4302246 0.645393014 0.527122676
v -0.39716512 0.611982643 0.525701284
v -0.43100375 0.612139284 0.526671052
v -0.37127578 0.611865401 0.524959445
v -0.34899914 0.612073659 0.502777099
v -0.34995371 0.612548351 0.469396233
v -0.37095481 0.612990498 0.445073366
v -0.39880079 0.613117218 0.445871263
v -0.43328565 0.613276779 0.446859449
v -0.47087204 0.613699555 0.447940081
v -0.48637348 0.667585849 0.474645644
v -0.50627238 0.640229880 0.449330270
v -0.5096783 0.649977207 0.475491702
v -0.50731426 0.610721945 0.448939502
v -0.46090734 0.681203126 0.507108688
v -0.48391485 0.665205419 0.508051216
v -0.45355457 0.668689847 0.528121650
v -0.46512908 0.646659314 0.528138577
v -0.46736324 0.611322701 0.527698874
v -0.43119174 0.574788749 0.526144027
v -0.46853071 0.574961662 0.527214050
v -0.39735281 0.574632108 0.525174319
v -0.3714543 0.574516713 0.524432241
v -0.349154 0.574738740 0.502260983
v -0.35010892 0.575214445 0.468866437
v -0.37111098 0.575646638 0.444545686
v -0.39898759 0.575766682 0.445344358
v -0.43347377 0.575926244 0.446332663
v -0.47081262 0.576098978 0.447402536
v -0.50815159 0.576271951 0.448472559
v -0.54117858 0.610544443 0.449905246
v -0.52870369 0.632605433 0.453616648
v -0.54447979 0.575611591 0.449501872
v -0.52846235 0.635322392 0.476738303
v -0.50568497 0.648840725 0.508535265
v -0.52611423 0.632833063 0.510337531
v -0.49282479 0.634885668 0.528762638
v -0.50420207 0.610628068 0.528742253
v -0.50534433 0.574604034 0.528261482
v -0.46871871 0.537611126 0.526687204
v -0.50605768 0.537783920 0.527757167
v -0.43137974 0.537438273 0.525617241
v -0.3975352 0.537281632 0.524647235
v -0.36942887 0.536785841 0.523836731
v -0.34930438 0.540062844 0.501553356
v -0.35025072 0.540293991 0.468492656
v -0.36938405 0.538018405 0.443959981
v -0.39913887 0.538416206 0.444816440
v -0.43366164 0.538575768 0.445805668
v -0.47100061 0.538748502 0.446875780
v -0.50833958 0.538921356 0.447945654
v -0.54567856 0.539094209 0.449015677
v -0.58018273 0.574138939 0.450501561
v -0.5680325 0.599677920 0.451603919
v -0.58245516 0.538708746 0.450061589
v -0.54909509 0.619304418 0.476889640
v -0.57012558 0.602856099 0.477752506
v -0.54608756 0.617167234 0.511477947
v -0.53096181 0.600611507 0.529364585
v -0.54496992 0.574633598 0.529394745
v -0.5432421 0.537800550 0.528820514
v -0.50624561 0.500433445 0.527230322
v -0.54358447 0.500606298 0.528300285
v -0.46890664 0.500260651 0.526160240
v -0.43156755 0.500087797 0.525090217
v -0.39488041 0.499405443 0.524031639
v -0.35803598 0.498722642 0.522968471
v -0.34633619 0.510343611 0.499137014
v -0.34680003 0.510711431 0.469311714
v -0.35901862 0.500008821 0.443988204
v -0.39685422 0.500567972 0.444211661
v -0.43384969 0.501225233 0.445278763
v -0.47118855 0.501398026 0.446348726
v -0.5085274 0.501570880 0.447418749
v -0.54586637 0.501743733 0.448488801
v -0.58320546 0.501916468 0.449558734
v -0.61936164 0.537929356 0.451105624
v -0.60732329 0.563478827 0.451125621
v -0.62067044 0.502216875 0.450634151
v -0.59089452 0.586772978 0.477453887
v -0.61258668 0.569988846 0.477107971
v -0.56640673 0.601103067 0.513613224
v -0.58907181 0.583773136 0.511612057
v -0.57824993 0.564256131 0.530198514
v -0.58011585 0.534588873 0.529829084
v -0.58092356 0.500779092 0.529370188
v -0.54377246 0.463255763 0.527773320
v -0.58111155 0.463428586 0.528843402
v -0.50643361 0.463082999 0.526703417
v -0.46909463 0.462910056 0.525633335
v -0.43175566 0.462737232 0.524563312
v -0.39441633 0.462563961 0.523493349
v -0.3577069 0.461872637 0.523235559
v -0.31999671 0.487477064 0.523323714
v -0.31728196 0.504764795 0.499831080
v -0.31971174 0.459008604 0.522909939
v -0.31807202 0.505226314 0.46737203
v -0.32196039 0.488473385 0.443501174
v -0.28369367 0.505070745 0.466153532
v -0.28450197 0.486306250 0.442399203
v -0.28275561 0.504602372 0.499003529
v -0.28221983 0.485135287 0.522210240
v -0.28237045 0.458791017 0.521839201
v -0.31988358 0.424845427 0.522427737
v -0.35724455 0.425028979 0.522751689
v -0.28254217 0.424672603 0.521357774
v -0.39460385 0.425213903 0.522966384
v -0.43194342 0.425386667 0.524036526
v -0.46928263 0.425559580 0.525106549
v -0.5066216 0.425732404 0.526176512
v -0.54396045 0.425905227 0.527246415
v -0.58129954 0.426077991 0.528316557
v -0.61704159 0.499718904 0.530387997
v -0.61845028 0.463601440 0.529913425
v -0.61863828 0.426250904 0.529386520
v -0.61436284 0.534809708 0.530811309
v -0.64050436 0.523204982 0.531393289
v -0.65285856 0.498410463 0.53139323
v -0.65480208 0.462777018 0.530940890
v -0.65597725 0.426423668 0.530456364
v -0.61882627 0.388900309 0.528859496
v -0.65616524 0.389073193 0.529929637
v -0.58148754 0.388727456 0.527789592
v -0.54414856 0.388554751 0.526719689
v -0.50680959 0.388381868 0.525649547
v -0.4694705 0.388209104 0.524579525
v -0.43213153 0.388036191 0.523509621
v -0.39479184 0.387863367 0.522439599
v -0.35743272 0.387678444 0.522224724
v -0.32007152 0.387494891 0.521901011
v -0.28273016 0.387322068 0.520830929
v -0.24520314 0.424499779 0.520287811
v -0.24503154 0.458601295 0.520768940
v -0.24539125 0.387149304 0.519760847
v -0.28291816 0.349971592 0.520304083
v -0.32025969 0.350144416 0.521374166
v -0.24557924 0.349798768 0.519234001
v -0.3576206 0.350327849 0.521697938
v -0.39497983 0.350512892 0.521912694
v -0.43231952 0.350685715 0.522982776
v -0.46965861 0.350858569 0.524052619
v -0.50699759 0.351031333 0.525122642
v -0.54433656 0.351204216 0.526192724
v -0.58167541 0.351376980 0.527262687
v -0.61901426 0.351549893 0.528332650
v -0.65635335 0.351722657 0.529402673
v -0.69291759 0.426193743 0.531509161
v -0.69350421 0.389245897 0.530999600
v -0.69369245 0.351895541 0.530472636
v -0.69195527 0.462228834 0.531995296
v -0.7192505 0.452360123 0.532635152
v -0.73260516 0.425731241 0.532637476
v -0.73084486 0.389420777 0.532069563
v -0.73103118 0.352068245 0.531542778
v -0.69388044 0.314544946 0.529945731
v -0.73121917 0.314717799 0.531015873
v -0.65654135 0.314372122 0.528875708
v -0.61920226 0.314199298 0.527805686
v -0.5818634 0.314026415 0.526735663
v -0.54452455 0.313853651 0.52566576
v -0.50718558 0.313680797 0.524595737
v -0.46984661 0.313508033 0.523525774
v -0.43250763 0.313335120 0.522455751
v -0.39516771 0.313162297 0.521385788
v -0.35780859 0.312977343 0.521170973
v -0.3204475 0.312793791 0.520847082
v -0.35799658 0.275626838 0.520644068
v -0.39535582 0.275811821 0.520858764
v -0.32063562 0.275443285 0.520320355
v -0.43269563 0.275984585 0.521928846
v -0.4700346 0.276157498 0.522998869
v -0.50737357 0.276330262 0.524068892
v -0.54471254 0.276503145 0.525138855
v -0.58205152 0.276675999 0.526208818
v -0.61939025 0.276848822 0.527278780
v -0.65672922 0.277021646 0.528348803
v -0.69406843 0.277194470 0.529418945
v -0.73140717 0.277367234 0.530488848
v -0.76837015 0.352241218 0.532612741
v -0.76855814 0.314890682 0.532085716
v -0.76874614 0.277540147 0.531558811
v -0.76756018 0.386240243 0.533074140
v -0.76607728 0.416469216 0.533462464
v -0.79072344 0.409219265 0.534063875
v -0.80193436 0.386077910 0.534054517
v -0.80440605 0.351029336 0.533625602
v -0.80589712 0.315063446 0.533155679
v -0.80608511 0.277712971 0.532628893
v -0.76893413 0.240189567 0.531031906
v -0.8062731 0.240362405 0.532101988
v -0.73159516 0.240016773 0.529962062
v -0.69425619 0.239843890 0.528891921
v -0.65691733 0.239671051 0.527822077
v -0.61957836 0.239498257 0.526751875
v -0.58223951 0.239325419 0.525681972
v -0.54490054 0.239152580 0.524611949
v -0.50756156 0.238979756 0.523541927
v -0.47022259 0.238806903 0.522472024
v -0.43288362 0.238634094 0.521401882
v -0.39554399 0.238461241 0.520331859
v -0.43307155 0.201283603 0.520875155
v -0.47041053 0.201456412 0.521945059
v -0.39573187 0.201110750 0.519805014
v -0.5077495 0.201629221 0.523015141
v -0.54508847 0.20180206 0.524085104
v -0.58242744 0.201974853 0.525155067
v -0.61976618 0.202147707 0.526225030
v -0.65710527 0.202320575 0.527295112
v -0.69444412 0.202493369 0.528365135
v -0.73178309 0.202666238 0.529435038
v -0.76912206 0.202839061 0.530505120
v -0.80646104 0.203011885 0.531575024
v -0.84342408 0.277885794 0.533698797
v -0.84361207 0.240535199 0.533171832
v -0.84379977 0.203184694 0.532645106
v -0.84185678 0.313863188 0.534166693
v -0.87664628 0.311648368 0.535129785
v -0.87943208 0.276773154 0.534712433
v -0.88095081 0.240708068 0.534241914
v -0.88113862 0.203357562 0.533715069
v -0.84398776 0.165834143 0.532118022
v -0.88132662 0.166007027 0.533188104
v -0.80664903 0.165661335 0.531048178
v -0.76931006 0.165488496 0.529978275
v -0.73197109 0.165315672 0.528908073
v -0.69463223 0.165142834 0.527838230
v -0.65729338 0.164970025 0.526768147
v -0.61995441 0.164797172 0.525698185
v -0.58261544 0.164624363 0.524628102
v -0.54527646 0.164451494 0.523558199
v -0.50793749 0.164278686 0.522488117
v -0.47059828 0.164105847 0.521418154
v -0.50812548 0.126928150 0.521961271
v -0.54546446 0.127100989 0.523031234
v -0.47078651 0.126755312 0.520891189
v -0.58280343 0.127273812 0.524101257
v -0.6201424 0.127446651 0.525171279
v -0.65748113 0.12761949 0.526241302
v -0.69482011 0.127792313 0.527311205
v -0.73215908 0.127965137 0.528381168
v -0.76949805 0.128137975 0.529451251
v -0.80683702 0.128310799 0.530521273
v -0.84417576 0.128483623 0.531591117
v -0.88151461 0.128656476 0.532661259
v -0.91847771 0.203530386 0.534785091
v -0.91866559 0.166179820 0.534258127
v -0.9188537 0.128829300 0.533731281
v -0.91716176 0.239741861 0.535263419
v -0.91530633 0.275390684 0.535718441
v -0.94111031 0.264373809 0.536299169
v -0.95615572 0.238865271 0.536365747
v -0.95530826 0.203189715 0.535833239
v -0.95600468 0.166352674 0.535328149
v -0.95619255 0.129002139 0.534801125
v -0.91904169 0.091478794 0.533204317
v -0.95638067 0.091651633 0.534274101
v -0.88170272 0.091305971 0.532134294
v -0.84436375 0.09113314 0.531064331
v -0.80702466 0.090960308 0.529994249
v -0.76968604 0.090787462 0.528924405
v -0.73234671 0.090614646 0.527854323
v -0.6950081 0.090441800 0.526784360
v -0.65766925 0.090268984 0.525714278
v -0.62033015 0.090096153 0.524644255
v -0.58299142 0.089923314 0.523574352
v -0.54565245 0.089750483 0.522504329
v -0.58317941 0.052572783 0.523047387
v -0.62051815 0.052745614 0.524117350
v -0.54584044 0.052399963 0.521977484
v -0.65785724 0.052918449 0.525187432
v -0.69519609 0.053091280 0.526257395
v -0.73253506 0.053264111 0.527327418
v -0.76987404 0.053436938 0.528397560
v -0.80721301 0.053609769 0.529467344
v -0.84455198 0.053782600 0.530537486
v -0.88189071 0.053955428 0.531607449
v -0.91922969 0.054128270 0.532677412
v -0.95656866 0.054301090 0.533747434
v -0.99353164 0.129174947 0.535871148
v -0.99371964 0.091824449 0.535344243
v -0.99390763 0.054473929 0.534817338
v -0.99334365 0.166525483 0.536398053
v -1.0294683 0.165499478 0.537416398
v -1.03087068 0.129347786 0.536941230
v -1.03105831 0.091997295 0.536414265
v -1.03124666 0.054646756 0.535887479
v -0.99409562 0.017123388 0.534290432
v -1.0314343 0.017296228 0.535360515
v -0.95675665 0.016950555 0.53322047
v -0.91941768 0.016777735 0.532150507
v -0.88207871 0.016604904 0.531080544
v -0.84473997 0.016432074 0.530010521
v -0.807401 0.016259230 0.528940618
v -0.77006203 0.016086410 0.527870416
v -0.73272306 0.015913570 0.526800513
v -0.69538409 0.015740750 0.525730550
v -0.65804535 0.015567917 0.524660468
v -0.62070626 0.015395073 0.523590505
v -0.65823311 -0.02178256 0.524133622
v -0.69557232 -0.02160976 0.525203585
v -0.62089413 -0.02195542 0.523063480
v -0.73291105 -0.0214369 0.526273608
v -0.77025002 -0.0212641 0.527343571
v -0.80758899 -0.02109126 0.528413534
v -0.84492797 -0.02091844 0.529483556
v -0.8822667 -0.02074561 0.530553460
v -0.91960567 -0.02057278 0.531623542
v -0.95694464 -0.02039994 0.532693445
v -0.99428362 -0.02022711 0.533763647
v -1.03034687 -0.01879053 0.534815192
v -1.06858563 0.054819583 0.536957383
v -1.06760263 0.018628779 0.536413550
v -1.06576049 -0.01687757 0.535854935
v -1.06839728 0.092170119 0.537484347
v -1.06766391 0.128969624 0.537987768
v -1.10491788 0.125629738 0.539005219
v -1.10573626 0.092342950 0.538554191
v -1.10537124 0.055540256 0.538019359
v -1.10644794 0.019894050 0.537542045
v -1.09282851 -0.00464058 0.536803066
v -1.1051321 -0.01878809 0.514876484
v -1.08553946 -0.03483792 0.514450788
v -1.05371654 -0.04176386 0.535155832
v -1.06562161 -0.05106148 0.513257563
v -1.02785254 -0.05373892 0.534245610
v -0.9938001 -0.05420244 0.533265531
v -0.9571265 -0.05774443 0.532166540
v -0.91979367 -0.05792331 0.531096518
v -0.88245469 -0.05809614 0.530026674
v -0.84511596 -0.05826897 0.528956651
v -0.80777699 -0.05844181 0.527886688
v -0.77043802 -0.05861464 0.526816785
v -0.73309904 -0.05878747 0.525746583
v -0.77062595 -0.09596515 0.526289701
v -0.80796492 -0.09579232 0.527359843
v -0.73328698 -0.09613799 0.525219798
v -0.84530365 -0.09561949 0.528429806
v -0.88264251 -0.09544669 0.52949965
v -0.91939634 -0.0946941 0.530561208
v -0.95908803 -0.0940771 0.531704902
v -0.99206531 -0.08389968 0.532792687
v -1.01674533 -0.07645199 0.532071113
v -1.04335332 -0.06880221 0.512799322
v -1.0220747 -0.08552279 0.511906921
v -1.08881736 -0.03657848 0.480848938
v -1.07054806 -0.05140547 0.480029076
v -1.04772699 -0.06955732 0.479641914
v -1.10856032 -0.02038609 0.481485962
v -1.12585557 -0.00144871 0.516551733
v -1.12814522 -0.003988 0.483275920
v -1.12968326 -0.00279555 0.461127191
v -1.10288382 -0.01460616 0.457641959
v -1.09093678 -0.03554425 0.459043324
v -1.06943417 -0.04217919 0.455706298
v -1.03437984 -0.0544097 0.454529821
v -1.02567387 -0.08676177 0.479634642
v -1.0210135 -0.08016639 0.453780651
v -1.00163054 -0.10106099 0.513201952
v -1.00382233 -0.10354838 0.479462981
v -0.9796145 -0.1175862 0.514539480
v -0.94614083 -0.11856333 0.530985772
v -0.95835483 -0.13382895 0.512006342
v -0.91788989 -0.1299644 0.530015707
v -0.88224298 -0.13045943 0.528989315
v -0.84622884 -0.13370009 0.52791363
v -0.80815291 -0.13314287 0.526832878
v -0.84981978 -0.17134416 0.527479708
v -0.88178337 -0.16198255 0.528526902
v -0.80906415 -0.16854419 0.526354551
v -0.90615821 -0.15341613 0.529345989
v -0.93789208 -0.14923528 0.510367155
v -0.91645694 -0.16526474 0.508635342
v -0.98218346 -0.11993296 0.479378581
v -0.96167785 -0.13551995 0.477595388
v -0.94102454 -0.15098129 0.476711928
v -0.99416512 -0.09116034 0.452856242
v -0.98199689 -0.11618586 0.455156862
v -0.99613422 -0.05582664 0.453416168
v -1.07050705 -0.01518109 0.456121861
v -1.03365588 -0.0186706 0.455018430
v -0.99656564 -0.0190897 0.453952074
v -1.10715365 0.019746711 0.457667172
v -1.07105517 0.018606461 0.456618994
v -1.03371644 0.018433623 0.455548971
v -0.99637765 0.018260804 0.454478859
v -0.95922655 -0.01926253 0.452881932
v -0.95903856 0.018087972 0.453408956
v -0.95941466 -0.05661308 0.452355146
v -0.9585095 -0.09309604 0.451809406
v -0.95464277 -0.12828073 0.451197445
v -0.94202888 -0.14865793 0.454034268
v -0.92234224 -0.16494304 0.475364297
v -0.92096561 -0.15533221 0.449849098
v -0.89383513 -0.18168582 0.509798169
v -0.89769101 -0.18301146 0.475037157
v -0.87093985 -0.19809946 0.510388732
v -0.87520295 -0.19907683 0.475158959
v -0.88552904 -0.16720468 0.448666721
v -0.87179518 -0.19284834 0.447908580
v -0.9217186 -0.12791207 0.450261443
v -0.88486683 -0.13141647 0.449157774
v -0.9222635 -0.09413643 0.450758159
v -0.92207557 -0.05678591 0.451285034
v -0.9218877 -0.01943534 0.451812118
v -0.9216997 0.017915140 0.452338993
v -0.99618965 0.055611331 0.455005824
v -0.95885056 0.055438499 0.453935891
v -0.92151159 0.055265665 0.452865928
v -1.03352857 0.055784162 0.456075877
v -1.07086754 0.055957000 0.457145750
v -1.10820651 0.056129831 0.458215862
v -1.1080184 0.093480348 0.458742797
v -1.07067919 0.093307517 0.457672774
v -1.03334022 0.093134686 0.456602662
v -0.99600166 0.092961862 0.455532729
v -0.95866269 0.092789039 0.454462707
v -0.9213236 0.092616200 0.453392744
v -0.88417262 0.055092848 0.451795786
v -0.88398463 0.092443361 0.452322691
v -0.88436061 0.017742307 0.451269000
v -0.8845486 -0.01960817 0.450742065
v -0.8847366 -0.05695874 0.450215131
v -0.88492453 -0.09430929 0.449688226
v -0.84777379 -0.13183264 0.448091357
v -0.84758604 -0.09448209 0.448618263
v -0.84711075 -0.16854852 0.447549223
v -0.84413683 -0.20387535 0.446960747
v -0.85312396 -0.21439812 0.473280221
v -0.81019479 -0.20351771 0.445995479
v -0.81062281 -0.16935597 0.446494460
v -0.80911225 -0.23209734 0.445557117
v -0.83126122 -0.22517397 0.450343489
v -0.83169055 -0.22863239 0.469670414
v -0.81043446 -0.13200547 0.447021305
v -0.81024647 -0.09465493 0.447548210
v -0.84739786 -0.05713153 0.449145048
v -0.81005901 -0.05730436 0.448075145
v -0.84720987 -0.01978103 0.449671924
v -0.84702188 0.017569478 0.450198918
v -0.84683388 0.054920006 0.450725793
v -0.84664565 0.092270530 0.451252847
v -0.9211356 0.129966706 0.453919649
v -0.88379663 0.129793867 0.452849686
v -0.8464579 0.129621043 0.451779663
v -0.95847458 0.130139559 0.454989671
v -0.99581355 0.130312353 0.456059604
v -0.99562556 0.167662888 0.456586539
v -0.95828658 0.167490094 0.455516606
v -0.92094761 0.167317226 0.454446584
v -0.88360864 0.167144417 0.453376561
v -0.84626991 0.166971564 0.452306568
v -0.80911893 0.129448205 0.450709641
v -0.80893093 0.166798740 0.451236575
v -0.8093068 0.092097699 0.450182795
v -0.80949491 0.054747175 0.449655830
v -0.80968279 0.017396641 0.449129015
v -0.8098709 -0.01995386 0.448601990
v -0.77271992 -0.05747723 0.447005152
v -0.77253205 -0.02012667 0.447532117
v -0.77290785 -0.09482779 0.446478247
v -0.77309585 -0.13217831 0.445951342
v -0.77328384 -0.16952881 0.445424407
v -0.73575687 -0.1323511 0.444881349
v -0.73556888 -0.09500059 0.445408344
v -0.73594487 -0.16970161 0.444354444
v -0.73538095 -0.05765005 0.445935070
v -0.73519295 -0.02029952 0.446461945
v -0.77234393 0.017223805 0.448058992
v -0.73500496 0.017050985 0.446988999
v -0.77215558 0.054574340 0.448585897
v -0.77196795 0.091924876 0.449112802
v -0.77178007 0.129275381 0.449639648
v -0.77159196 0.166625887 0.450166583
v -0.84608191 0.204322099 0.452833533
v -0.80874294 0.204149305 0.451763480
v -0.77140397 0.203976497 0.450693607
v -0.88342065 0.204494968 0.453903496
v -0.92075962 0.204667761 0.454973578
v -0.92057168 0.242018297 0.455500364
v -0.88323271 0.241845473 0.454430401
v -0.8458941 0.241672635 0.453360319
v -0.80855501 0.241499811 0.452290505
v -0.77121603 0.241326972 0.451220363
v -0.734065 0.203803628 0.449623525
v -0.73387718 0.241154149 0.450150489
v -0.73425299 0.166453093 0.449096709
v -0.73444098 0.129102557 0.448569744
v -0.73462909 0.091752044 0.448042750
v -0.73481697 0.054401520 0.447515815
v -0.69766623 0.016878156 0.445918887
v -0.69747823 0.054228678 0.446445912
v -0.69785422 -0.02047235 0.445392102
v -0.69804221 -0.05782289 0.444865196
v -0.69823015 -0.09517344 0.444338232
v -0.66070324 -0.05799573 0.443795144
v -0.66051525 -0.02064516 0.444322019
v -0.66089106 -0.09534628 0.443268358
v -0.66032714 0.016705328 0.444848895
v -0.66013914 0.054055847 0.445375829
v -0.69729024 0.091579206 0.446972757
v -0.65995127 0.091406375 0.445902764
v -0.69710225 0.128929719 0.447499603
v -0.69691402 0.166280239 0.448026597
v -0.69672614 0.203630790 0.448553383
v -0.69653833 0.240981340 0.449080437
v -0.77102816 0.278677552 0.451747328
v -0.73368871 0.278504639 0.450677305
v -0.69635034 0.278331816 0.449607402
v -0.80836701 0.278850376 0.452817380
v -0.84570599 0.279023140 0.453887283
v -0.88304472 0.279195964 0.454957366
v -0.88240296 0.314474821 0.455441713
v -0.84623152 0.317094534 0.454444855
v -0.80817902 0.316200912 0.453344196
v -0.77084005 0.316028088 0.452274113
v -0.73350108 0.315855175 0.451204210
v -0.69616234 0.315682321 0.450134158
v -0.65901136 0.278158992 0.448537290
v -0.65882325 0.315509587 0.449064105
v -0.65919936 0.240808516 0.448010504
v -0.65938717 0.203457981 0.447483509
v -0.65957516 0.166107416 0.446956574
v -0.65976328 0.128756895 0.446429640
v -0.62261218 0.091233544 0.444832682
v -0.62242419 0.128584057 0.445359677
v -0.62280029 0.053883019 0.444305956
v -0.62298816 0.016532488 0.443778991
v -0.62317628 -0.02081801 0.443251967
v -0.58564919 0.016359660 0.442708939
v -0.5854612 0.053710188 0.443235904
v -0.58583742 -0.02099085 0.442182093
v -0.58527333 0.091060720 0.443762749
v -0.58508533 0.128411218 0.444289743
v -0.62223619 0.165934577 0.445886701
v -0.5848971 0.165761753 0.444816559
v -0.6220482 0.203285127 0.446413487
v -0.62186015 0.240635678 0.446940302
v -0.62167239 0.277986228 0.447467297
v -0.6214844 0.315336763 0.447994142
v -0.69597435 0.353032887 0.450661152
v -0.65863514 0.352860122 0.449591159
v -0.62129641 0.352687299 0.448521256
v -0.73331308 0.353205710 0.451731145
v -0.77065206 0.353378564 0.452801048
v -0.7700454 0.390320986 0.453310132
v -0.73312509 0.390556246 0.452257961
v -0.69578636 0.390383422 0.451188057
v -0.65844715 0.390210598 0.450118035
v -0.62110829 0.390037775 0.449048042
v -0.58395731 0.352514445 0.447451174
v -0.5837692 0.389864862 0.447977960
v -0.58414543 0.315163850 0.446924209
v -0.58433354 0.277813375 0.446397364
v -0.58452141 0.240462854 0.445870459
v -0.58470923 0.203112319 0.445343494
v -0.54755837 0.165588945 0.443746686
v -0.54737037 0.202939465 0.444273591
v -0.54774624 0.12823838 0.443219691
v -0.54793435 0.090887889 0.442692816
v -0.54812235 0.053537357 0.442165911
v -0.51059538 0.090715043 0.441622912
v -0.51040739 0.128065556 0.442149668
v -0.51078349 0.053364522 0.441095858
v -0.51021928 0.165416121 0.442676514
v -0.51003152 0.202766642 0.443203508
v -0.54718256 0.240289986 0.444800525
v -0.50984347 0.240117162 0.443730354
v -0.54699445 0.277640551 0.445327252
v -0.54680645 0.314991056 0.445854097
v -0.54661834 0.352341622 0.446381062
v -0.54643047 0.389692097 0.446908086
v -0.62092018 0.42738837 0.449574977
v -0.58358145 0.427215457 0.448504954
v -0.54624236 0.427042633 0.447434961
v -0.65825927 0.427561134 0.450644969
v -0.69559836 0.427733898 0.451714962
v -0.7319147 0.427112758 0.452744394
v -0.72881025 0.462153703 0.453154981
v -0.69473219 0.462291449 0.452182650
v -0.65841383 0.465257585 0.451186537
v -0.62073231 0.464738905 0.450101822
v -0.58339334 0.464565992 0.449031829
v -0.54605448 0.464393168 0.447961837
v -0.5089035 0.426869809 0.446364909
v -0.50871539 0.464220345 0.446891754
v -0.5090915 0.389519274 0.445838093
v -0.50927949 0.352168798 0.445311158
v -0.50946748 0.314818203 0.444784134
v -0.50965548 0.277467727 0.444257259
v -0.4725045 0.239944294 0.442660450
v -0.4723165 0.277294904 0.443187415
v -0.47269231 0.202593818 0.442133605
v -0.47288042 0.165243238 0.441606551
v -0.47306842 0.127892732 0.441079556
v -0.43554145 0.165070444 0.440536707
v -0.43535346 0.202420994 0.441063642
v -0.43572944 0.127719909 0.440009653
v -0.43516552 0.239771485 0.441590428
v -0.43497753 0.277121990 0.442117303
v -0.47212839 0.314645379 0.443714201
v -0.43478954 0.314472556 0.442644208
v -0.47194052 0.351995974 0.444241106
v -0.47175276 0.389346510 0.444768101
v -0.47156453 0.426696986 0.445294886
v -0.47137654 0.464047581 0.445821881
v -0.66039383 0.502449572 0.451773226
v -0.64818561 0.528180599 0.451790839
v -0.67556381 0.521076679 0.477854549
v -0.65541798 0.536698341 0.477730155
v -0.69384801 0.492200702 0.452583611
v -0.69825399 0.503371000 0.478920310
v -0.63379729 0.553533017 0.477134734
v -0.63077962 0.551629781 0.509975373
v -0.60941565 0.568248331 0.509617805
v -0.65223873 0.534928441 0.510506033
v -0.67314202 0.518543660 0.511996269
v -0.69418716 0.502162456 0.512677848
v -0.7159903 0.483955979 0.457361996
v -0.71710384 0.488591373 0.480407357
v -0.71483403 0.48592031 0.514708697
v -0.73805171 0.472380638 0.480419009
v -0.73525077 0.469810664 0.517143487
v -0.6801939 0.486771047 0.532008826
v -0.60311478 0.557342886 0.530810833
v -0.75548339 0.453957200 0.518651902
v -0.75931257 0.455636292 0.482545226
v -0.75601053 0.450952291 0.454632341
v -0.76811904 0.425807297 0.453760892
v -0.77985561 0.439885020 0.480806529
v -0.77791739 0.436758905 0.516825079
v -0.80158252 0.422763377 0.480470240
v -0.79830265 0.420991599 0.513317704
v -0.79555833 0.415451794 0.454397797
v -0.80777973 0.389829784 0.454382062
v -0.82249129 0.405531495 0.480682998
v -0.8186962 0.403001219 0.513714313
v -0.84330446 0.387732297 0.481442421
v -0.83790022 0.383571118 0.513425350
v -0.82731354 0.373667955 0.532410860
v -0.83734089 0.380840063 0.455099165
v -0.80861515 0.354181796 0.453898012
v -0.8486976 0.354893475 0.455054044
v -0.86334682 0.370607435 0.482018679
v -0.85678929 0.365790098 0.514963209
v -0.8393082 0.348812818 0.534592032
v -0.87600178 0.346579372 0.514608264
v -0.86457515 0.336167633 0.532658934
v -0.88392609 0.352585762 0.483226627
v -0.88285828 0.344399988 0.455881089
v -0.90434957 0.336697042 0.460530996
v -0.90211552 0.336875587 0.484551996
v -0.91611069 0.314101964 0.456400096
v -0.89465505 0.327996373 0.515026211
v -0.91421086 0.312332421 0.514403462
v -0.90359211 0.299543321 0.535727679
v -0.92274588 0.320566505 0.484099566
v -0.94351906 0.303000062 0.457025468
v -0.94297165 0.305136233 0.483777999
v -0.91961432 0.278673410 0.455995440
v -0.95600319 0.277283072 0.457015901
v -0.93576866 0.295313209 0.515506863
v -0.95578098 0.280009418 0.516873836
v -0.96512467 0.288006991 0.484874069
v -0.98558915 0.267849594 0.457727491
v -0.98719925 0.271474242 0.485516339
v -0.95814466 0.242427364 0.456580430
v -0.99753904 0.242627874 0.457709670
v -0.95809859 0.204840645 0.456043452
v -0.99597752 0.205558553 0.457136660
v -1.0086062 0.255902379 0.485631614
v -1.03248382 0.232548072 0.458565056
v -1.03179312 0.239312544 0.485851466
v -1.03235316 0.202917665 0.458139002
v -0.97696757 0.263730019 0.519528508
v -1.00080323 0.247589096 0.518362939
v -0.99001157 0.228558421 0.537187099
v -1.02293599 0.232921898 0.517058432
v -1.01503277 0.221997052 0.536028683
v -1.05473375 0.225823387 0.462563067
v -1.0514555 0.224925205 0.487002998
v -1.04470754 0.217598483 0.518415510
v -1.06610298 0.202793061 0.459102243
v -1.03296423 0.167835742 0.457656651
v -1.06957865 0.167294323 0.458695709
v -1.03315258 0.130485206 0.457129627
v -1.07049155 0.130658030 0.458199620
v -1.10737491 0.166090473 0.459759026
v -1.09360909 0.191531106 0.459728121
v -1.10753882 0.130536571 0.459257006
v -1.07288933 0.209823757 0.487112134
v -1.09397626 0.195167422 0.486973792
v -1.06557703 0.203382641 0.519059062
v -1.02676702 0.200559169 0.537838697
v -1.05384445 0.188812434 0.538445532
v -0.99250382 0.199846074 0.536849021
v -1.0682981 0.164581030 0.538513422
v -1.08816254 0.188089788 0.520515561
v -1.11758685 0.178799852 0.486525386
v -1.11183405 0.172810986 0.519459724
v -1.14311612 0.154648006 0.460617810
v -1.14221895 0.161510586 0.486141771
v -1.14455485 0.127427578 0.460271149
v -1.14535713 0.093653187 0.459812849
v -1.14460349 0.057216092 0.459271907
v -1.17856574 0.093719497 0.460763186
v -1.1786859 0.127580031 0.461249083
v -1.17961681 0.059553504 0.460306286
v -1.16560686 0.149101495 0.463547110
v -1.16245437 0.146388083 0.487095713
v -1.13478088 0.157738119 0.518176138
v -1.15578079 0.142709136 0.519313693
v -1.10218084 0.154345840 0.539336323
v -1.12757659 0.148193568 0.538887143
v -1.13901782 0.126272827 0.539989352
v -1.18202257 0.130905717 0.488873958
v -1.17604494 0.124767541 0.521676063
v -1.1622442 0.115137368 0.540494799
v -1.20356107 0.117256782 0.465225726
v -1.20171523 0.115182608 0.492200583
v -1.20619833 0.096440255 0.461591929
v -1.20438635 0.070398636 0.461168944
v -1.18960035 0.048331730 0.486630350
v -1.21196246 0.067087970 0.485784083
v -1.14196873 0.022453080 0.458701193
v -1.16910529 0.033530160 0.460989266
v -1.16956043 0.031004332 0.485518842
v -1.14894807 0.013498257 0.484488159
v -1.16652012 0.032690197 0.516531109
v -1.19092286 0.054903723 0.521581590
v -1.14722168 0.016329966 0.516187965
v -1.206002 0.067145086 0.511008918
v -1.2206099 0.095205865 0.490196317
v -1.21218657 0.092666104 0.516483366
v -1.19498253 0.098421238 0.527112126
v -1.16569638 0.090938486 0.540248632
v -1.13905323 0.091845959 0.539499759
v -1.13981736 0.058596514 0.539047718
v -1.16528344 0.057622835 0.539762020
v -1.16212463 0.036310128 0.539073646
v -1.13994026 0.030766921 0.538654685
v -0.43403745 0.463874667 0.444751828
v -0.39669716 0.463702499 0.443681716
v -0.43422568 0.426524132 0.444224983
v -0.39688569 0.426351308 0.443154931
v -0.35968506 0.463031292 0.443440794
v -0.35952652 0.426166325 0.442939788
v -0.39707369 0.389000773 0.442627966
v -0.43441355 0.389173597 0.443698078
v -0.35971451 0.38881585 0.442412823
v -0.43460155 0.351823121 0.443171143
v -0.3972618 0.351650238 0.442101150
v -0.3599025 0.351465314 0.441886007
v -0.32235354 0.388632237 0.442089557
v -0.32216555 0.425982832 0.442616373
v -0.32254142 0.351281702 0.441562622
v -0.32199293 0.460172116 0.443098664
v -0.28465241 0.459928244 0.442027747
v -0.28482407 0.425810009 0.441546320
v -0.28501207 0.388459473 0.441019415
v -0.28520018 0.351108998 0.440492540
v -0.32272941 0.313931226 0.441035628
v -0.36009049 0.314114719 0.441358983
v -0.28538817 0.313758462 0.439965575
v -0.39744967 0.314299702 0.441574156
v -0.39763767 0.276949226 0.441047251
v -0.36027849 0.276764243 0.440832167
v -0.32291758 0.276580750 0.440508812
v -0.28557628 0.276407927 0.439438700
v -0.24804902 0.313585519 0.438895583
v -0.24786115 0.350936144 0.439422547
v -0.24823713 0.276235014 0.438368648
v -0.24767315 0.388286560 0.439949423
v -0.24748516 0.425637155 0.440476357
v -0.24731344 0.459755390 0.440957635
v -0.247181 0.486087411 0.441329091
v -0.24640989 0.504897832 0.465101540
v -0.20906413 0.504724800 0.464043766
v -0.20984203 0.485914647 0.440259128
v -0.20997435 0.459582626 0.439887672
v -0.21014607 0.425464391 0.439406216
v -0.21033418 0.388113796 0.438879370
v -0.21052217 0.350763261 0.438352555
v -0.21071017 0.313412785 0.437825560
v -0.21089822 0.276062250 0.437298685
v -0.24842519 0.238884553 0.437841743
v -0.28576416 0.239057347 0.438911795
v -0.21108615 0.23871167 0.436771780
v -0.32310557 0.239230200 0.439981848
v -0.3604666 0.239413663 0.440305203
v -0.39782584 0.239598661 0.440520405
v -0.39801371 0.202248156 0.439993411
v -0.36065441 0.202063143 0.439778357
v -0.32329345 0.20187971 0.439454942
v -0.28595209 0.201706841 0.438384890
v -0.24861306 0.201534017 0.437314868
v -0.21127409 0.201361179 0.436244845
v -0.17374736 0.238538831 0.435701757
v -0.17355925 0.275889426 0.436228722
v -0.17393517 0.201188355 0.435174882
v -0.17337126 0.313239902 0.436755597
v -0.17318326 0.350590497 0.437282502
v -0.17299527 0.387940913 0.437809348
v -0.17280728 0.425291508 0.438336223
v -0.17263556 0.459409803 0.438817560
v -0.17250317 0.485741823 0.439189106
v -0.17170727 0.504551470 0.463010251
v -0.13432419 0.504373729 0.462265908
v -0.13516414 0.485568881 0.438119113
v -0.13529664 0.459236919 0.437747657
v -0.13546848 0.425118684 0.437266349
v -0.13565636 0.387768149 0.436739444
v -0.13584435 0.350417673 0.436212539
v -0.13603234 0.313067078 0.435685634
v -0.13622034 0.275716602 0.435158669
v -0.13640839 0.238366007 0.434631735
v -0.13659626 0.201015517 0.43410483
v -0.17412311 0.163837790 0.434648037
v -0.21146196 0.164010614 0.435717999
v -0.13678408 0.163664951 0.433578074
v -0.24880087 0.164183467 0.436788082
v -0.28613985 0.164356276 0.437858045
v -0.32348132 0.164529129 0.438928067
v -0.36084241 0.164712607 0.439251422
v -0.32366949 0.127178594 0.438401103
v -0.3610304 0.127362072 0.438724428
v -0.28632808 0.127005755 0.437331020
v -0.24898905 0.126832917 0.436261028
v -0.21164989 0.126660093 0.435191124
v -0.17431116 0.126487255 0.434121012
v -0.13697225 0.126314431 0.433051049
v -0.09944528 0.163492128 0.432507962
v -0.09925735 0.200842663 0.433034837
v -0.0996334 0.126141592 0.431981056
v -0.09906942 0.238193199 0.433561742
v -0.09888142 0.275543749 0.434088677
v -0.09869337 0.312894195 0.434615612
v -0.09850544 0.350244820 0.435142517
v -0.09831744 0.387595355 0.435669362
v -0.09812939 0.424945771 0.436196267
v -0.09795773 0.459064126 0.436677634
v -0.06079042 0.424773007 0.435126304
v -0.0606187 0.458891362 0.435607612
v -0.06097841 0.387422472 0.43459934
v -0.06116647 0.350071996 0.434072464
v -0.0613544 0.312721401 0.433545619
v -0.06154245 0.275370866 0.433018654
v -0.06173044 0.238020360 0.432491779
v -0.06191832 0.200669825 0.431964874
v -0.06210631 0.163319289 0.431437999
v -0.0622943 0.125968769 0.430911064
v -0.09982121 0.088791087 0.431454032
v -0.13716036 0.088963940 0.432524025
v -0.0624823 0.088618263 0.430384010
v -0.17449915 0.089136764 0.433594018
v -0.21183807 0.089309595 0.434664070
v -0.24917704 0.089482419 0.435734003
v -0.28651595 0.089655250 0.436804056
v -0.24936515 0.052131883 0.435207277
v -0.28670406 0.052304718 0.436277270
v -0.21202612 0.051959056 0.434137284
v -0.17468733 0.051786229 0.433067232
v -0.13734823 0.051613397 0.431997209
v -0.10000932 0.051440563 0.430927187
v -0.06267035 0.051267735 0.429857194
v -0.02514344 0.088445439 0.429313987
v -0.02495545 0.125795930 0.429841011
v -0.02533144 0.051094915 0.428787201
v -0.0247674 0.163146466 0.430367976
v -0.02457947 0.200497031 0.430894881
v -0.02439153 0.237847536 0.431421697
v -0.02420348 0.275198102 0.431948721
v -0.02401555 0.312548577 0.432475596
v -0.02382755 0.349899172 0.433002471
v -0.02363956 0.387249648 0.433529377
v 0.013511359 0.349726349 0.431932538
v 0.013699352 0.387076824 0.432459414
v 0.013323366 0.312375783 0.431405603
v 0.013135433 0.275025278 0.430878698
v 0.012947380 0.237674698 0.430351764
v 0.012759566 0.200324177 0.429824888
v 0.012571513 0.162973627 0.429297983
v 0.012383461 0.125623092 0.428771019
v 0.012195467 0.088272608 0.428244084
v 0.012007534 0.050922069 0.427717238
v -0.02551925 0.013744373 0.428260415
v -0.06285822 0.013917204 0.429330408
v 0.011819601 0.013571532 0.427190423
v -0.10019726 0.014090025 0.430400371
v -0.13753617 0.014262866 0.431470453
v -0.17487508 0.014435686 0.432540446
v -0.21221399 0.014608528 0.433610409
v -0.17506313 -0.02291481 0.432013213
v -0.21240205 -0.02274195 0.433083355
v -0.13772422 -0.02308764 0.430943340
v -0.10038531 -0.02326047 0.429873257
v -0.06304634 -0.02343331 0.428803235
v -0.02570748 -0.02360613 0.427733242
v 0.011631488 -0.02377897 0.426663219
v 0.049158632 0.013398711 0.426120430
v 0.049346447 0.050749249 0.426647186
v 0.048970460 -0.02395177 0.425593376
v 0.049534380 0.088099770 0.427174031
v 0.049722492 0.125450283 0.427701026
v 0.049910366 0.162800803 0.428227931
v 0.050098359 0.200151369 0.428754866
v 0.050286293 0.237501874 0.429281771
v 0.050474405 0.274852365 0.429808616
v 0.050662398 0.312202900 0.430335611
v 0.087813317 0.274679541 0.428738713
v 0.088001310 0.312030077 0.429265528
v 0.087625324 0.237329036 0.428211808
v 0.087437450 0.199978500 0.427684873
v 0.087249517 0.162627965 0.427157938
v 0.087061584 0.125277444 0.426631063
v 0.086873412 0.087926946 0.426104039
v 0.086685597 0.050576403 0.425577253
v 0.086497545 0.013225885 0.425050407
v 0.086309433 -0.02412463 0.424523234
v 0.048782408 -0.06130232 0.425066471
v 0.011443495 -0.0611295 0.426136463
v 0.086121439 -0.06147517 0.423996418
v -0.02589548 -0.06095667 0.427206426
v -0.06323445 -0.06078384 0.428276449
v -0.1005733 -0.06061099 0.429346472
v -0.13791227 -0.06043818 0.430416464
v -0.10076123 -0.09796153 0.428819596
v -0.13809997 -0.09778873 0.429889649
v -0.0634222 -0.09813436 0.427749544
v -0.02608329 -0.09830724 0.426679551
v 0.011255681 -0.09848007 0.425609618
v 0.048594713 -0.09865285 0.424539625
v 0.085933566 -0.09882569 0.423469573
v 0.123460412 -0.061648 0.422926485
v 0.123648434 -0.02429746 0.423453241
v 0.123272508 -0.09899852 0.422399580
v 0.123836398 0.013053046 0.423980414
v 0.124024391 0.050403580 0.424507200
v 0.124212414 0.087754115 0.425034016
v 0.124400407 0.125104621 0.425561010
v 0.124588400 0.162455141 0.426087975
v 0.124776393 0.199805691 0.426614821
v 0.124964267 0.237156212 0.427141726
v 0.162115275 0.199632883 0.425544768
v 0.162303179 0.236983418 0.426071703
v 0.161927282 0.162282303 0.425017952
v 0.161739289 0.124931782 0.424491018
v 0.161551296 0.087581284 0.423964053
v 0.161363273 0.050230756 0.423437267
v 0.161175310 0.012880208 0.422910392
v 0.160987287 -0.02447028 0.422383278
v 0.160799294 -0.06182081 0.421856492
v 0.160611391 -0.09917138 0.421329528
v 0.123084515 -0.13634907 0.421872645
v 0.085745513 -0.1361762 0.422942578
v 0.160423398 -0.13652189 0.420802623
v 0.048406601 -0.1360034 0.424012601
v 0.011067569 -0.13583058 0.425082653
v -0.02627134 -0.13565774 0.426152586
v -0.0636102 -0.13548492 0.427222609
v -0.02645934 -0.17300825 0.425625711
v -0.06379825 -0.17283542 0.426695793
v 0.010879576 -0.17318107 0.424555689
v 0.048218488 -0.17335391 0.423485755
v 0.085557460 -0.17352673 0.422415703
v 0.122896522 -0.17369957 0.421345740
v 0.160235405 -0.17387243 0.420275747
v 0.197762370 -0.1366947 0.419732600
v 0.197950303 -0.09934421 0.420259535
v 0.197574317 -0.17404523 0.419205725
v 0.198138207 -0.06199366 0.420786440
v 0.198326200 -0.02464311 0.421313285
v 0.198514193 0.012707389 0.421840399
v 0.198702186 0.050057917 0.422367215
v 0.198890179 0.087408453 0.422894060
v 0.199078172 0.124758951 0.423420965
v 0.199266195 0.162109479 0.423947989
v 0.236417144 0.124586112 0.422350943
v 0.236605167 0.161936640 0.422877967
v 0.236229151 0.087235607 0.421823978
v 0.236041158 0.049885086 0.421297192
v 0.235853165 0.012534557 0.420770406
v 0.235665172 -0.02481595 0.420243263
v 0.235477119 -0.06216649 0.419716447
v 0.235289275 -0.09951701 0.419189542
v 0.235101252 -0.13686752 0.418662607
v 0.234913259 -0.17421806 0.418135732
v 0.197386235 -0.21139577 0.418678790
v 0.160047411 -0.21122293 0.419748693
v 0.234725266 -0.21156859 0.417608767
v 0.122708529 -0.21105011 0.420818775
v 0.085369527 -0.21087727 0.421888679
v 0.048030555 -0.21070445 0.422958850
v 0.010691583 -0.21053162 0.424028784
v 0.047842621 -0.24805494 0.422431945
v 0.010503590 -0.24788217 0.423501879
v 0.085181534 -0.24822782 0.421361774
v 0.122520506 -0.2484006 0.420291900
v 0.159859418 -0.2485735 0.419221907
v 0.197198301 -0.24874632 0.418151974
v 0.234537333 -0.24891916 0.417081981
v 0.272064238 -0.21174143 0.416538715
v 0.272252231 -0.1743909 0.417065739
v 0.271876245 -0.24909198 0.416011810
v 0.272440224 -0.13704039 0.417592555
v 0.272628247 -0.09968984 0.418119519
v 0.272816091 -0.06233932 0.418646395
v 0.273004144 -0.02498879 0.419173300
v 0.273192107 0.012361723 0.419700413
v 0.273380130 0.049712263 0.420227199
v 0.273568123 0.087062783 0.420754045
v 0.310719072 0.049539431 0.419157236
v 0.310907095 0.086889952 0.419684022
v 0.310531079 0.012188896 0.418630331
v 0.310343086 -0.02516161 0.418103247
v 0.310155063 -0.06251215 0.417576432
v 0.309967219 -0.09986267 0.417049527
v 0.309779167 -0.13721319 0.416522562
v 0.309591174 -0.17456372 0.415995746
v 0.309403181 -0.21191426 0.415468752
v 0.309215188 -0.24926475 0.414941847
v 0.271688252 -0.28644246 0.415484994
v 0.234349280 -0.28626963 0.416555017
v 0.309027195 -0.28661528 0.414415091
v 0.197010308 -0.28609681 0.417625069
v 0.159671396 -0.2859239 0.418695062
v 0.122332543 -0.28575113 0.419765085
v 0.084993660 -0.28557831 0.420835107
v 0.122160792 -0.31986943 0.419283658
v 0.084821820 -0.31969661 0.420353680
v 0.159499675 -0.32004213 0.418213665
v 0.196838527 -0.32021496 0.417143642
v 0.234177559 -0.32038799 0.416073620
v 0.271516501 -0.32056075 0.415003627
v 0.308855474 -0.32073346 0.413933694
v 0.346366167 -0.28678814 0.413345038
v 0.346554130 -0.24943765 0.413871854
v 0.346194416 -0.32090628 0.412863642
v 0.346742212 -0.21208709 0.4143987
v 0.346930146 -0.17473656 0.414925724
v 0.347118198 -0.13738605 0.415452629
v 0.347306132 -0.1000355 0.415979564
v 0.347494065 -0.06268498 0.416506499
v 0.347682029 -0.02533445 0.417033314
v 0.347870051 0.012016065 0.417560339
v 0.385020941 -0.02550725 0.415963321
v 0.385208964 0.011843228 0.416490465
v 0.384832948 -0.06285781 0.415436387
v 0.384645104 -0.10020836 0.414909571
v 0.384457051 -0.13755888 0.414382636
v 0.384269058 -0.17490938 0.413855761
v 0.384081065 -0.21225992 0.413328796
v 0.383893072 -0.24961047 0.412801891
v 0.383705079 -0.28696096 0.412275075
v 0.383533358 -0.32107919 0.411793679
v 0.346062004 -0.34723809 0.412492275
v 0.308723002 -0.34706536 0.413562119
v 0.383400827 -0.34741104 0.411422193
v 0.271384030 -0.34689283 0.414632111
v 0.234045118 -0.34672001 0.415702104
v 0.196706086 -0.34654692 0.416772216
v 0.159367203 -0.34637403 0.417842328
v 0.19728145 -0.36602727 0.439998179
v 0.159942597 -0.3658542 0.441068202
v 0.234620451 -0.36619997 0.438928186
v 0.271959424 -0.36637276 0.437858194
v 0.309298396 -0.36654583 0.436788082
v 0.346637308 -0.36671841 0.435718119
v 0.383976221 -0.36689153 0.434648096
v 0.420739769 -0.34758386 0.410352170
v 0.420872181 -0.32125196 0.410723656
v 0.421315074 -0.36706418 0.433578193
v 0.421043932 -0.28713378 0.411205023
v 0.421231925 -0.24978331 0.411731898
v 0.421419978 -0.21243273 0.412258774
v 0.421607911 -0.17508222 0.412785738
v 0.421795964 -0.13773172 0.413312584
v 0.421983957 -0.10038117 0.413839608
v 0.422171831 -0.06303065 0.414366483
v 0.459322899 -0.100554 0.412769556
v 0.459510743 -0.06320345 0.413296401
v 0.459134876 -0.13790454 0.412242651
v 0.458946913 -0.17525505 0.411715716
v 0.458758831 -0.21260555 0.411188721
v 0.458570897 -0.24995613 0.410661995
v 0.458382844 -0.28730661 0.410135030
v 0.458211123 -0.32142478 0.409653604
v 0.458078682 -0.34775662 0.409282296
v 0.458654046 -0.36723685 0.432508140
v 0.422253459 -0.36753184 0.466397345
v 0.384914577 -0.36735895 0.467467278
v 0.459592372 -0.36770478 0.465327352
v 0.347575664 -0.36718625 0.468537360
v 0.310236632 -0.36701345 0.469607353
v 0.272897660 -0.36684063 0.470677375
v 0.235558748 -0.36666787 0.471747368
v 0.273665815 -0.34803054 0.494443714
v 0.236326903 -0.34785777 0.495513677
v 0.311004847 -0.34820342 0.493373632
v 0.348343789 -0.34837624 0.492303639
v 0.385682702 -0.34854916 0.491233617
v 0.423021614 -0.34872192 0.490163654
v 0.460360556 -0.34889469 0.489093661
v 0.496931374 -0.36787769 0.464257270
v 0.495993018 -0.36740997 0.431438088
v 0.497699469 -0.34906757 0.488023638
v 0.495417654 -0.34792951 0.408212184
v 0.495550096 -0.32159761 0.408583670
v 0.495721846 -0.28747946 0.409065097
v 0.495909839 -0.2501289 0.409591913
v 0.496097832 -0.21277839 0.410118728
v 0.496285826 -0.17542788 0.410645753
v 0.496473819 -0.13807738 0.411172568
v 0.533624827 -0.17560074 0.409575730
v 0.533812761 -0.13825017 0.410102605
v 0.533436775 -0.21295124 0.409048736
v 0.533248782 -0.25030175 0.408521920
v 0.533060789 -0.28765228 0.407995045
v 0.532889068 -0.32177046 0.407513618
v 0.532756626 -0.34810236 0.407142132
v 0.533331990 -0.36758256 0.430368095
v 0.534270286 -0.3680504 0.463187277
v 0.535038471 -0.34924042 0.486953675
v 0.497831940 -0.32273513 0.488395094
v 0.460493028 -0.32256243 0.489465147
v 0.535170912 -0.3229081 0.487325102
v 0.423154026 -0.32238948 0.490535110
v 0.385815173 -0.32221684 0.491605103
v 0.348476260 -0.32204393 0.492675066
v 0.311137318 -0.3218711 0.493745178
v 0.348647981 -0.28792545 0.493156522
v 0.311309009 -0.28775269 0.494226515
v 0.385986894 -0.28809837 0.492086529
v 0.423325777 -0.28827119 0.491016537
v 0.460664689 -0.28844401 0.489946544
v 0.498003691 -0.28861684 0.488876521
v 0.535342633 -0.28878969 0.487806558
v 0.572509884 -0.32308099 0.486255109
v 0.572681605 -0.28896251 0.486736536
v 0.572377383 -0.34941325 0.485883683
v 0.571609258 -0.36822304 0.462117284
v 0.570670902 -0.36775556 0.429298102
v 0.570095598 -0.34827518 0.406072169
v 0.570228040 -0.32194328 0.406443655
v 0.570399820 -0.28782511 0.406925022
v 0.570587754 -0.25047463 0.407451897
v 0.570775806 -0.21312408 0.407978713
v 0.607926666 -0.2506474 0.406381905
v 0.608114719 -0.21329688 0.406908750
v 0.607738673 -0.28799787 0.405855059
v 0.607567012 -0.32211611 0.405373692
v 0.607434511 -0.34844801 0.405002147
v 0.608009934 -0.36792848 0.428228110
v 0.608948171 -0.36839604 0.461047262
v 0.609716355 -0.34958601 0.484813660
v 0.609848797 -0.32325375 0.485185146
v 0.610020577 -0.28913534 0.485666483
v 0.572869598 -0.25161204 0.487263381
v 0.535530626 -0.25143921 0.488333433
v 0.610208571 -0.2517848 0.486193388
v 0.498191654 -0.25126636 0.489403367
v 0.460852742 -0.25109354 0.490473449
v 0.423513740 -0.25092071 0.491543412
v 0.386174917 -0.25074789 0.492613345
v 0.423701763 -0.21357016 0.492070227
v 0.386362880 -0.21339732 0.493140220
v 0.461040735 -0.21374299 0.491000235
v 0.498379677 -0.21391582 0.489930272
v 0.535718619 -0.21408862 0.488860249
v 0.573057591 -0.21426149 0.487790226
v 0.610396504 -0.21443431 0.486720264
v 0.647547543 -0.25195763 0.485123395
v 0.647735476 -0.21460712 0.485650271
v 0.64735955 -0.28930816 0.484596550
v 0.647187829 -0.32342646 0.484115153
v 0.647055327 -0.34975889 0.483743697
v 0.646287202 -0.3685689 0.459977269
v 0.645348787 -0.36810124 0.427158117
v 0.644773483 -0.34862077 0.403932184
v 0.644905924 -0.32228905 0.404303610
v 0.645077645 -0.2881707 0.404785007
v 0.682244777 -0.32246184 0.403233617
v 0.682416498 -0.28834361 0.403715014
v 0.682112276 -0.34879375 0.402862161
v 0.682687759 -0.36827412 0.426088094
v 0.683626055 -0.36874166 0.458907246
v 0.684394180 -0.34993157 0.482673585
v 0.684526681 -0.32359931 0.483045101
v 0.684698343 -0.28948095 0.483526498
v 0.684886336 -0.25213054 0.484053343
v 0.685074389 -0.21477997 0.484580189
v 0.647923529 -0.17725661 0.486177235
v 0.610584557 -0.17708378 0.487247228
v 0.685262382 -0.17742941 0.485107213
v 0.573245585 -0.17691095 0.488317221
v 0.535906612 -0.17673811 0.489387214
v 0.498567640 -0.17656529 0.490457177
v 0.461228728 -0.17639245 0.491527229
v 0.498755663 -0.13921478 0.490984082
v 0.461416721 -0.13904195 0.492054075
v 0.536094605 -0.13938758 0.489914089
v 0.573433637 -0.13956045 0.488844007
v 0.610772550 -0.13973327 0.487774074
v 0.648111522 -0.13990611 0.486704140
v 0.685450315 -0.14007893 0.485634028
v 0.722601294 -0.17760229 0.484037190
v 0.722789287 -0.14025177 0.484564125
v 0.722413301 -0.21495281 0.483510196
v 0.722225308 -0.25230336 0.48298347
v 0.722037315 -0.28965384 0.482456475
v 0.721865534 -0.32377219 0.481975108
v 0.721733093 -0.35010457 0.481603682
v 0.720964968 -0.36891466 0.457837373
v 0.720026612 -0.36844683 0.425018131
v 0.719451248 -0.34896651 0.401792168
v 0.757365524 -0.36861962 0.423948139
v 0.756790161 -0.34913921 0.400722265
v 0.758303761 -0.36908749 0.456767380
v 0.759072065 -0.35027733 0.480533659
v 0.759204506 -0.32394496 0.480905145
v 0.759376227 -0.2898266 0.481386542
v 0.759564280 -0.25247619 0.481913358
v 0.759752214 -0.21512564 0.482440233
v 0.759940207 -0.1777751 0.482967138
v 0.760128259 -0.14042459 0.483494043
v 0.722977221 -0.10290121 0.485091030
v 0.685638308 -0.10272838 0.486161023
v 0.760316312 -0.10307409 0.484021037
v 0.648299515 -0.10255559 0.487231046
v 0.610960543 -0.10238275 0.488301008
v 0.573621630 -0.10220989 0.489371031
v 0.536282658 -0.10203709 0.490441054
v 0.573809444 -0.06485935 0.489897906
v 0.536470532 -0.06468649 0.490967899
v 0.611148417 -0.06503218 0.488827914
v 0.648487389 -0.06520503 0.487757921
v 0.685826301 -0.06537785 0.486687928
v 0.723165154 -0.06555068 0.485617935
v 0.760504126 -0.06572352 0.484547913
v 0.797655224 -0.10324688 0.482951015
v 0.797843098 -0.06589634 0.483477950
v 0.797467231 -0.14059743 0.48242414
v 0.797279238 -0.17794794 0.481897234
v 0.797091245 -0.21529847 0.481370210
v 0.796903252 -0.25264895 0.480843484
v 0.796715259 -0.28999937 0.480316519
v 0.796543419 -0.32411778 0.479835152
v 0.796410977 -0.35045016 0.479463636
v 0.795642733 -0.36926022 0.455697327
v 0.833755374 -0.35060829 0.478393703
v 0.833882570 -0.32429075 0.47876513
v 0.832986652 -0.36943328 0.454629719
v 0.834054172 -0.29017234 0.479246556
v 0.834242165 -0.25282186 0.479773402
v 0.834430158 -0.2154713 0.480300188
v 0.834618091 -0.17812079 0.480827242
v 0.834806084 -0.14077026 0.481354117
v 0.834994137 -0.10341974 0.481881022
v 0.835182011 -0.06606917 0.482407927
v 0.798031032 -0.02854581 0.484004735
v 0.760692119 -0.02837299 0.485074698
v 0.835370063 -0.02871865 0.482934743
v 0.723353147 -0.02820016 0.486144661
v 0.686014294 -0.02802732 0.487214744
v 0.648675441 -0.02785449 0.488284736
v 0.61133641 -0.02768167 0.489354759
v 0.648863375 0.009496014 0.488811820
v 0.611524403 0.009668845 0.489881813
v 0.686202228 0.009323172 0.487741828
v 0.723541259 0.009150352 0.486671805
v 0.760880172 0.008977522 0.485601812
v 0.798219084 0.008804688 0.484531730
v 0.835558056 0.008631859 0.483461856
v 0.872709035 -0.02889148 0.481864750
v 0.872897028 0.008459016 0.482391893
v 0.872520983 -0.06624202 0.481337904
v 0.872333049 -0.10359254 0.480811089
v 0.872145116 -0.1409431 0.480284094
v 0.871957123 -0.1782936 0.479757249
v 0.871769070 -0.21564414 0.479230254
v 0.871580958 -0.25299469 0.478703379
v 0.871393144 -0.29034516 0.478176564
v 0.87135607 -0.32464248 0.477688670
v 0.908865451 -0.29071602 0.477099865
v 0.908920049 -0.25316745 0.477633416
v 0.908985316 -0.32269144 0.476640582
v 0.909108042 -0.21581699 0.478160262
v 0.909296035 -0.17846642 0.478687137
v 0.909484028 -0.14111589 0.479214042
v 0.909672021 -0.10376537 0.479741036
v 0.909859895 -0.06641483 0.480267942
v 0.910047948 -0.02906428 0.480794787
v 0.910235941 0.008286197 0.481321811
v 0.873084962 0.045809555 0.482918709
v 0.835745990 0.045982386 0.483988702
v 0.910424053 0.045636724 0.481848716
v 0.798407077 0.046155218 0.485058695
v 0.761068165 0.046328045 0.486128687
v 0.723729133 0.046500880 0.487198710
v 0.761256098 0.083678588 0.486655473
v 0.723917186 0.083851419 0.487725526
v 0.798595070 0.083505742 0.485585510
v 0.835934042 0.083332926 0.484515518
v 0.873272955 0.083160094 0.483445555
v 0.910611987 0.082987256 0.482375532
v 0.947762846 0.045463893 0.480778724
v 0.94795084 0.082814425 0.481305509
v 0.947574853 0.008113355 0.480251848
v 0.947386741 -0.02923714 0.479724794
v 0.947198867 -0.06658768 0.479197949
v 0.947010874 -0.1039382 0.478671073
v 0.946822881 -0.14128876 0.478144109
v 0.946634829 -0.17863928 0.477617263
v 0.946446895 -0.21598977 0.477090269
v 0.946258783 -0.25334039 0.476563423
v 0.983785927 -0.21616262 0.476020157
v 0.983973920 -0.17881209 0.476547241
v 0.983597874 -0.25351319 0.475493371
v 0.984161853 -0.14146158 0.477074056
v 0.984349846 -0.10411103 0.477600991
v 0.984537661 -0.0667605 0.478127956
v 0.984725654 -0.02940995 0.478654831
v 0.984913706 0.007940536 0.479181826
v 0.985101699 0.045291058 0.479708731
v 0.985289692 0.082641594 0.480235546
v 0.948138833 0.120164930 0.481832444
v 0.910799980 0.120337769 0.482902437
v 0.985477685 0.119992099 0.480762422
v 0.873461008 0.120510600 0.483972430
v 0.836122095 0.120683424 0.485042393
v 0.798783004 0.120856262 0.486112445
v 0.761444091 0.121029093 0.487182378
v 0.798971056 0.158206775 0.486639440
v 0.761632144 0.158379614 0.487709462
v 0.836310029 0.158033952 0.485569477
v 0.873649001 0.157861113 0.484499454
v 0.910987973 0.157688289 0.483429461
v 0.948326826 0.157515451 0.482359528
v 0.985665679 0.157342627 0.481289416
v 1.022816658 0.119819276 0.479692429
v 1.023004651 0.157169789 0.480219394
v 1.022628665 0.082468763 0.479165524
v 1.022440671 0.045118231 0.478638708
v 1.022252678 0.007767704 0.478111863
v 1.022064685 -0.0295828 0.477584749
v 1.021876692 -0.06693334 0.477057904
v 1.021688699 -0.10428386 0.476531058
v 1.021500825 -0.14163442 0.476004153
v 1.059027671 -0.10445672 0.475461065
v 1.059215545 -0.06710616 0.475987970
v 1.058839798 -0.14180724 0.474934011
v 1.059403657 -0.02975564 0.476514786
v 1.059591651 0.007594869 0.477041840
v 1.059779644 0.044945403 0.477568686
v 1.059967637 0.082295931 0.478095501
v 1.060155630 0.119646444 0.478622347
v 1.060343623 0.156997025 0.479149431
v 1.023192644 0.194520354 0.480746328
v 0.985853731 0.194693192 0.481816262
v 1.060531616 0.194347545 0.479676276
v 0.948514819 0.194866001 0.482886314
v 0.911176025 0.195038840 0.483956307
v 0.873836934 0.195211663 0.4850263
v 0.836498022 0.195384517 0.486096292
v 0.79915905 0.195557326 0.487166345
v 0.836685895 0.232735052 0.486623197
v 0.799347043 0.232907831 0.487693190
v 0.874024868 0.232562184 0.485553175
v 0.911363720 0.232389390 0.484483212
v 0.948702633 0.232216522 0.483413219
v 0.986041665 0.232043698 0.482343107
v 1.023380518 0.231870845 0.481273204
v 1.060719490 0.231698036 0.480203151
v 1.097870707 0.194174692 0.478606283
v 1.098058462 0.231525182 0.479133218
v 1.097682714 0.156824126 0.478079408
v 1.097494602 0.119473613 0.477552443
v 1.097306609 0.082123108 0.477025538
v 1.097118616 0.044772565 0.476498752
v 1.096930623 0.007422039 0.475971818
v 1.09674263 -0.02992847 0.475444734
v 1.134269714 0.007249208 0.474901765
v 1.134457588 0.044599734 0.475428730
v 1.134081602 -0.0301013 0.474374651
v 1.134645700 0.081950262 0.475955456
v 1.134833574 0.119300767 0.476482361
v 1.135021567 0.156651303 0.477009475
v 1.135209560 0.194001868 0.477536290
v 1.135397434 0.231352374 0.478063195
v 1.098246574 0.268875777 0.479660123
v 1.060907602 0.269048601 0.480730116
v 1.135585546 0.268702924 0.478590130
v 1.023568630 0.269221425 0.481800109
v 0.986229658 0.269394189 0.482870131
v 0.948890686 0.269567102 0.483940154
v 0.911551833 0.269739925 0.485010117
v 0.874212920 0.269912749 0.486080139
v 0.836873889 0.270085573 0.487150192
v 0.874400913 0.307263255 0.486607104
v 0.837061882 0.307436049 0.487677037
v 0.911739826 0.307090371 0.485537111
v 0.949078679 0.306917637 0.484466999
v 0.986417532 0.306744724 0.483397126
v 1.023756504 0.306571900 0.482327014
v 1.061095476 0.306399136 0.481257021
v 1.098434448 0.306226313 0.480186998
v 1.135773420 0.3060534 0.479117006
v 1.172924518 0.268530041 0.477520138
v 1.173112392 0.305880636 0.478047043
v 1.172736406 0.231179535 0.476993203
v 1.172548532 0.193829029 0.476466327
v 1.172360658 0.156478464 0.475939393
v 1.172172665 0.119127944 0.475412428
v 1.171984434 0.081777446 0.474885553
v 1.209511518 0.118955113 0.474342435
v 1.209699630 0.156305640 0.474869430
v 1.209323406 0.081604607 0.473815470
v 1.209887504 0.193656235 0.475396335
v 1.210075378 0.231006741 0.475923150
v 1.210263371 0.268357276 0.476450145
v 1.210451245 0.305707722 0.476977020
v 1.173300504 0.343231111 0.478573918
v 1.135961413 0.343403875 0.479643881
v 1.210639357 0.343058347 0.477504015
v 1.098622560 0.343576848 0.480713963
v 1.061283588 0.343749672 0.481783986
v 1.023944616 0.343922436 0.482853949
v 0.986605584 0.344095319 0.483924001
v 0.949266672 0.344268173 0.484994024
v 0.911927819 0.344440996 0.486064016
v 0.874588847 0.344613760 0.48713395
v 0.912115812 0.381791472 0.486590832
v 0.874776899 0.381964296 0.487660884
v 0.949454665 0.381618648 0.485520780
v 0.986793637 0.381445735 0.484450846
v 1.024132490 0.381272971 0.483380734
v 1.061471462 0.381100148 0.482310771
v 1.098810434 0.380927324 0.481240749
v 1.136149406 0.380754500 0.480170756
v 1.173488378 0.380581647 0.479100912
v 1.210827350 0.380408823 0.478030890
v 1.247978210 0.342885524 0.476434081
v 1.248166322 0.380235999 0.476960808
v 1.247790217 0.305534958 0.475907027
v 1.247602224 0.268184453 0.475380152
v 1.247414350 0.230833858 0.474853158
v 1.247226238 0.193483382 0.474326282
v 1.284753084 0.230661049 0.473783254
v 1.284941196 0.268011540 0.474310129
v 1.284565210 0.193310543 0.47325629
v 1.285129070 0.305362135 0.474836945
v 1.285317063 0.342712581 0.475363880
v 1.285505056 0.380063176 0.475890815
v 1.248354196 0.417586535 0.477487713
v 1.211015343 0.417759358 0.478557676
v 1.285693287 0.417413622 0.476417750
v 1.173676490 0.417932182 0.479627698
v 1.136337637 0.418104946 0.480697691
v 1.098998546 0.418277859 0.481767684
v 1.061659574 0.418450683 0.482837587
v 1.024320602 0.418623507 0.483907669
v 0.986981630 0.418796330 0.484977811
v 0.949642658 0.418969184 0.486047774
v 0.912303805 0.419142007 0.487117677
v 0.949823737 0.453008800 0.486527711
v 0.912475705 0.453261673 0.487599074
v 0.987154126 0.452703565 0.485456109
v 1.024489402 0.452488839 0.484385579
v 1.061827540 0.452466756 0.483317792
v 1.099169969 0.452402055 0.482249259
v 1.136509180 0.452223360 0.481179088
v 1.173848271 0.452050536 0.480109095
v 1.211187124 0.451877713 0.479039132
v 1.248525857 0.451704949 0.477969139
v 1.28586483 0.451532065 0.476899057
v 1.323032259 0.417240858 0.475347697
v 1.323203802 0.451359212 0.475829005
v 1.322844028 0.379890382 0.474820822
v 1.322656273 0.342539787 0.474293917
v 1.322468042 0.305189251 0.473767042
v 1.359994888 0.342366963 0.473223954
v 1.360183000 0.379717439 0.473750829
v 1.359807014 0.305016487 0.472696989
v 1.360371112 0.417068034 0.474277705
v 1.360542774 0.451186388 0.474759101
v 1.323336362 0.477691412 0.476200491
v 1.285997390 0.477864354 0.477270573
v 1.360675096 0.477518588 0.475130498
v 1.248658418 0.478037089 0.478340506
v 1.211319565 0.478209972 0.479410558
v 1.173980712 0.478382855 0.480480581
v 1.136642217 0.478559255 0.481550514
v 1.099272489 0.478733778 0.482621491
v 1.061713457 0.478237658 0.482695132
v 1.024519920 0.477506935 0.482711613
v 0.987296164 0.477918624 0.484110772
v 0.950198173 0.478844732 0.486014902
v 0.986952304 0.49727723 0.463178902
v 0.949620246 0.498081356 0.464010953
v 1.023891806 0.496986657 0.462083697
v 1.061188459 0.497655004 0.460900008
v 1.098547220 0.498205781 0.459656804
v 1.136067390 0.498035490 0.458323776
v 1.173405170 0.497862845 0.457254350
v 1.210744142 0.497689783 0.456184297
v 1.248082995 0.497517049 0.455114305
v 1.285421848 0.497344464 0.454044342
v 1.322761178 0.497171282 0.452974200
v 1.360100030 0.496998578 0.451904267
v 1.398014187 0.477345824 0.474060595
v 1.397438883 0.496825784 0.450834363
v 1.397881746 0.451013565 0.473689079
v 1.397709846 0.416895270 0.473207622
v 1.435220837 0.450840771 0.472619026
v 1.435357570 0.477157056 0.472990125
v 1.435048937 0.416722387 0.472137689
v 1.434782981 0.496652662 0.449766844
v 1.396500587 0.497293263 0.418015122
v 1.359161853 0.497466266 0.419085055
v 1.433841705 0.497120559 0.416947394
v 1.321822762 0.497639298 0.420155048
v 1.284483671 0.497811883 0.421225130
v 1.247144818 0.497984647 0.422295093
v 1.209805846 0.498157531 0.423365086
v 1.172466993 0.498330563 0.424435079
v 1.135128498 0.498503148 0.425504446
v 1.097776174 0.498676031 0.426588296
v 1.060269117 0.498846828 0.427866190
v 1.023095011 0.499016493 0.429098129
v 0.985828936 0.499189287 0.430135995
v 1.022342920 0.480211228 0.404949039
v 0.985003888 0.480383992 0.406019032
v 1.059682011 0.480038225 0.403879046
v 1.097020864 0.479865282 0.402809083
v 1.134359836 0.479692369 0.401739060
v 1.171698808 0.479519665 0.400669038
v 1.209037661 0.479346722 0.399598985
v 1.246376514 0.479173958 0.398529052
v 1.283715486 0.479001104 0.397459000
v 1.321054458 0.478828281 0.396388977
v 1.358393192 0.478655576 0.395319014
v 1.395732283 0.478482812 0.394249022
v 1.433071255 0.478309959 0.393179029
v 1.47136271 0.496945411 0.415987074
v 1.470435857 0.478151798 0.392108529
v 1.472658872 0.496469169 0.449278652
v 1.432938933 0.451977998 0.392807483
v 1.395599722 0.452150911 0.393877506
v 1.470278024 0.451805114 0.391737610
v 1.35826087 0.452323615 0.394947558
v 1.320921897 0.452496498 0.396017611
v 1.283582925 0.452669322 0.397087603
v 1.246243953 0.452842235 0.398157537
v 1.20890522 0.453014999 0.399227529
v 1.171566247 0.453187823 0.400297582
v 1.134227395 0.453360647 0.401367664
v 1.096888303 0.45353356 0.402437716
v 1.059549450 0.453706383 0.403507590
v 1.022210359 0.453879207 0.404577493
v 0.984871506 0.454052031 0.405647635
v 1.022038698 0.419760912 0.404096245
v 0.984699726 0.419933736 0.405166208
v 1.059377670 0.419588089 0.403026133
v 1.096716642 0.419415265 0.401956230
v 1.134055614 0.419242411 0.400886178
v 1.171394586 0.419069588 0.399816244
v 1.208733558 0.418896704 0.398746281
v 1.246072292 0.418723940 0.397676169
v 1.283411264 0.418551087 0.396606117
v 1.320750236 0.418378204 0.395536243
v 1.358089208 0.41820544 0.394466191
v 1.395428061 0.418032616 0.393396198
v 1.432767152 0.417859762 0.392326146
v 1.470106124 0.417686939 0.391256183
v 1.504276514 0.451651811 0.390763372
v 1.504486203 0.478044390 0.391133368
v 1.504102468 0.417529583 0.390281856
v 1.469918012 0.380336403 0.390729308
v 1.432579040 0.380509227 0.391799330
v 1.503914594 0.380179047 0.389755070
v 1.395240068 0.380682021 0.392869293
v 1.357901096 0.380854904 0.393939256
v 1.320562124 0.381027787 0.395009249
v 1.283223152 0.381200552 0.396079331
v 1.245884299 0.381373405 0.397149324
v 1.208545446 0.381546229 0.398219317
v 1.171206474 0.381718993 0.399289339
v 1.133867502 0.381891876 0.400359273
v 1.096528649 0.382064729 0.401429355
v 1.059189677 0.382237553 0.402499347
v 1.021850705 0.382410436 0.403569310
v 1.059001684 0.344887077 0.401972442
v 1.021662712 0.345059901 0.403042465
v 1.096340656 0.344714254 0.400902509
v 1.133679628 0.344541341 0.399832397
v 1.171018600 0.344368517 0.398762464
v 1.208357453 0.344195693 0.397692441
v 1.245696067 0.344022929 0.396622419
v 1.283035278 0.343850076 0.395552456
v 1.320374250 0.343677252 0.394482344
v 1.357713222 0.343504369 0.393412441
v 1.395052075 0.343331545 0.392342388
v 1.432391166 0.343158632 0.391272336
v 1.469730019 0.342985868 0.390202462
v 1.503726482 0.342828512 0.389228165
v 1.529201746 0.380062073 0.389030396
v 1.529401540 0.417429834 0.389557242
v 1.529013872 0.342711478 0.388503521
v 1.503538608 0.305477976 0.388701289
v 1.469542026 0.305635362 0.389675498
v 1.528825759 0.305360913 0.387976646
v 1.432203054 0.305808186 0.390745461
v 1.394864082 0.305981010 0.391815424
v 1.357525348 0.306153863 0.392885536
v 1.320186138 0.306326717 0.393955469
v 1.282847166 0.306499511 0.395025491
v 1.245508432 0.306672394 0.396095514
v 1.208169460 0.306845158 0.397165477
v 1.170830488 0.307017952 0.398235589
v 1.133491516 0.307190775 0.399305492
v 1.096152663 0.307363718 0.400375604
v 1.058813691 0.307536542 0.401445508
v 1.095964670 0.270013183 0.399848669
v 1.058625698 0.270186007 0.400918602
v 1.133303642 0.269840270 0.398778587
v 1.170642495 0.269667446 0.397708654
v 1.207981586 0.269494682 0.396638631
v 1.245320320 0.269321858 0.395568668
v 1.282659530 0.269148945 0.394498676
v 1.319998264 0.268976122 0.393428593
v 1.357337236 0.268803358 0.392358601
v 1.394675970 0.268630534 0.391288578
v 1.432015061 0.268457621 0.390218615
v 1.469354033 0.268284857 0.389148592
v 1.503350377 0.268127441 0.388174384
v 1.528637647 0.268010407 0.387449741
v 1.543518662 0.304929256 0.411736607
v 1.543701291 0.342421054 0.412044316
v 1.543355941 0.267425686 0.412095516
v 1.528449773 0.230659857 0.386922746
v 1.503162384 0.230776935 0.387647420
v 1.543148398 0.230243071 0.410859167
v 1.469166040 0.230934292 0.388621628
v 1.431826949 0.231107130 0.389691650
v 1.394488096 0.231279984 0.390761792
v 1.357149124 0.231452792 0.391831696
v 1.319810152 0.231625616 0.392901599
v 1.28247118 0.231798455 0.393971651
v 1.245132207 0.231971278 0.395041674
v 1.207793474 0.232144117 0.396111697
v 1.170454502 0.232316926 0.397181749
v 1.133115410 0.232489749 0.398251622
v 1.095776677 0.232662603 0.399321764
v 1.132927656 0.195139244 0.397724747
v 1.095588684 0.195312097 0.398794829
v 1.170266628 0.194966435 0.396654844
v 1.207605600 0.194793611 0.395584732
v 1.244944334 0.194620758 0.394514769
v 1.282283306 0.194447919 0.393444865
v 1.319622278 0.194275096 0.392374783
v 1.356961250 0.194102287 0.391304731
v 1.394300222 0.193929448 0.390234768
v 1.431639194 0.193756610 0.389164775
v 1.468978405 0.193583771 0.388094812
v 1.502974510 0.193426400 0.387120544
v 1.528261661 0.193309441 0.386395901
v 1.542980194 0.193294912 0.410986334
v 1.542395353 0.230008691 0.444588482
v 1.542326092 0.266741037 0.444334417
v 1.541693449 0.193588897 0.443175166
v 1.542765617 0.155575126 0.409581124
v 1.528073906 0.155958816 0.385869056
v 1.541380405 0.155492141 0.443029105
v 1.502786397 0.156075894 0.386593669
v 1.468790292 0.156233221 0.387567877
v 1.431451320 0.156406059 0.388637900
v 1.394112110 0.156578883 0.389707863
v 1.356773376 0.156751737 0.390777945
v 1.319434404 0.156924530 0.391847848
v 1.282095432 0.157097384 0.392917931
v 1.244756460 0.157270208 0.393987894
v 1.207417607 0.157443076 0.395057976
v 1.170078754 0.157615870 0.396127969
v 1.132739782 0.157788708 0.397197961
v 1.169890642 0.120265349 0.395600915
v 1.132551670 0.120438180 0.396670907
v 1.207229614 0.120092526 0.394530832
v 1.244568347 0.119919687 0.393460929
v 1.28190732 0.119746848 0.392390936
v 1.319246292 0.119574025 0.391320824
v 1.356585145 0.119401201 0.390251010
v 1.393924355 0.119228370 0.389180928
v 1.431263327 0.119055539 0.388110846
v 1.468602180 0.118882708 0.387040853
v 1.502598285 0.118725337 0.386066675
v 1.527886033 0.118608266 0.385341972
v 1.542578458 0.118184514 0.409092247
v 1.541030168 0.118477299 0.442260801
v 1.525790929 0.193861126 0.463588148
v 1.523622274 0.155681476 0.463572681
v 1.523643493 0.118267737 0.462577760
v 1.542748570 0.081845156 0.441579937
v 1.542420625 0.081558056 0.409507662
v 1.526742100 0.082080401 0.463410586
v 1.527697801 0.081257857 0.384815096
v 1.502410531 0.081374838 0.385539799
v 1.468414068 0.081532202 0.386513888
v 1.431075453 0.081705018 0.387583881
v 1.393736362 0.081877872 0.388653993
v 1.356397271 0.082050688 0.389723986
v 1.319058060 0.082223519 0.390794009
v 1.281719327 0.082396358 0.391863971
v 1.244380474 0.082569181 0.392933905
v 1.207041502 0.082742013 0.394003987
v 1.169702649 0.082914829 0.395074069
v 1.206853628 0.045391481 0.393477201
v 1.169514656 0.045564312 0.394547194
v 1.244192600 0.045218657 0.392407208
v 1.281531333 0.045045819 0.391337186
v 1.318870067 0.044872999 0.390267133
v 1.356209278 0.044700156 0.389197200
v 1.393548488 0.044527322 0.388127207
v 1.430887460 0.044354502 0.387057215
v 1.468226194 0.044181663 0.385987162
v 1.502222538 0.044024307 0.385012894
v 1.527509927 0.043907295 0.384288281
v 1.542198181 0.043542936 0.407880961
v 1.543147563 0.043797530 0.440961301
v 1.529536485 0.043526068 0.464117884
v 1.503428220 0.081276409 0.465402245
v 1.501446366 0.117981039 0.465981960
v 1.504881501 0.043260775 0.464818984
v 1.529604196 0.005419278 0.463572949
v 1.542921662 0.005695513 0.439237505
v 1.504316568 0.005536369 0.464297562
v 1.542008638 0.006150797 0.407294124
v 1.527321815 0.006556666 0.383761465
v 1.502034664 0.006673763 0.384486198
v 1.468038320 0.006831134 0.385460346
v 1.43069911 0.007003963 0.386530309
v 1.393360376 0.007176796 0.387600362
v 1.356021404 0.007349627 0.388670414
v 1.318682551 0.007522457 0.389740437
v 1.281343460 0.007695291 0.390810340
v 1.244004488 0.007868117 0.391880393
v 1.206665515 0.008040947 0.392950415
v 1.243816375 -0.02948239 0.391353189
v 1.206477642 -0.02930955 0.392423212
v 1.281155347 -0.02965519 0.390283227
v 1.318494319 -0.02982804 0.389213234
v 1.355833053 -0.03000088 0.388143241
v 1.393172264 -0.03017371 0.387073248
v 1.430511236 -0.03034651 0.386003196
v 1.467850208 -0.03051937 0.384933143
v 1.501846551 -0.0306767 0.383959054
v 1.527133941 -0.03079375 0.383234381
v 1.541820049 -0.03119959 0.406767219
v 1.542733430 -0.03165484 0.438710600
v 1.529416084 -0.03193115 0.463045895
v 1.504128456 -0.03181413 0.463770479
v 1.470508098 0.043044261 0.465798646
v 1.470320105 0.005693732 0.465271800
v 1.470132112 -0.03165677 0.464744687
v 1.503940343 -0.06916467 0.463243663
v 1.469943881 -0.06900731 0.464217871
v 1.529228210 -0.06928168 0.46251899
v 1.542545557 -0.06900531 0.438183665
v 1.541632890 -0.06855014 0.406239986
v 1.526946067 -0.06814422 0.382707506
v 1.501658439 -0.06802727 0.383432120
v 1.467662096 -0.06786989 0.384406387
v 1.430323123 -0.06769703 0.385476410
v 1.392984151 -0.0675242 0.386546373
v 1.355645299 -0.0673514 0.387616366
v 1.318306326 -0.06717858 0.388686358
v 1.280967235 -0.06700575 0.389756411
v 1.243628501 -0.06683291 0.390826344
v 1.280779600 -0.10435627 0.389229506
v 1.243440508 -0.10418344 0.390299499
v 1.318118572 -0.10452911 0.388159573
v 1.355457305 -0.10470194 0.387089461
v 1.392796158 -0.10487477 0.386019468
v 1.430135488 -0.10504758 0.384949505
v 1.467474460 -0.10522046 0.383879482
v 1.501470804 -0.10537779 0.382905334
v 1.526758313 -0.10549489 0.382180631
v 1.541445255 -0.10590076 0.405713170
v 1.542358756 -0.10635609 0.437656939
v 1.529040336 -0.10663231 0.461992144
v 1.50375247 -0.10651522 0.462716788
v 1.469756126 -0.10635784 0.463690996
v 1.432793140 -0.03148394 0.465814709
v 1.432605028 -0.06883444 0.465287834
v 1.432417154 -0.106185 0.464760989
v 1.469568252 -0.14370838 0.463163971
v 1.432229161 -0.14353555 0.464234083
v 1.503564596 -0.14386575 0.462189853
v 1.528852343 -0.14398283 0.461465120
v 1.542170524 -0.14370656 0.437130183
v 1.541257143 -0.1432514 0.405186206
v 1.526570439 -0.14284542 0.381653606
v 1.501282692 -0.14272834 0.382378339
v 1.467286348 -0.14257099 0.383352518
v 1.429947376 -0.14239815 0.384422510
v 1.392608285 -0.14222533 0.385492533
v 1.355269432 -0.14205249 0.386562496
v 1.317930579 -0.14187966 0.387632489
v 1.280591487 -0.14170682 0.388702541
v 1.317742466 -0.17923023 0.387105703
v 1.280403614 -0.17905734 0.388175696
v 1.355081319 -0.17940299 0.386035680
v 1.392420291 -0.17957583 0.384965658
v 1.429759502 -0.17974865 0.383895695
v 1.467098236 -0.17992149 0.382825672
v 1.501094818 -0.18007885 0.381851375
v 1.526382327 -0.1801959 0.381126761
v 1.541069030 -0.18060179 0.404659360
v 1.541982412 -0.18105698 0.436603128
v 1.528664588 -0.18133321 0.460938245
v 1.503376722 -0.18121625 0.461662948
v 1.469380378 -0.18105888 0.462637096
v 1.432041406 -0.18088606 0.463707178
v 1.395078301 -0.1060122 0.465831011
v 1.394890308 -0.14336273 0.465304076
v 1.394702196 -0.18071324 0.464777201
v 1.431853294 -0.2182366 0.463180214
v 1.394514203 -0.21806376 0.464250177
v 1.469192266 -0.21840939 0.462110221
v 1.503188610 -0.21856679 0.461136072
v 1.528476357 -0.21868387 0.460411369
v 1.541794538 -0.21840747 0.436076223
v 1.540880680 -0.21795233 0.404132366
v 1.526194214 -0.21754646 0.380599826
v 1.500906825 -0.21742935 0.381324559
v 1.466910123 -0.21727203 0.382298678
v 1.429571390 -0.21709919 0.383368641
v 1.392232298 -0.2169264 0.384438663
v 1.354893446 -0.21675353 0.385508656
v 1.317554473 -0.2165807 0.386578649
v 1.354705333 -0.25410402 0.384981781
v 1.317366242 -0.25393125 0.386051774
v 1.392044305 -0.25427684 0.383911877
v 1.429383516 -0.25444975 0.382841855
v 1.466722488 -0.25462258 0.381771862
v 1.500718593 -0.25477993 0.380797535
v 1.526006460 -0.25489685 0.380072951
v 1.540692448 -0.25530288 0.403605520
v 1.541606187 -0.25575811 0.435549259
v 1.528288602 -0.25603431 0.459884464
v 1.503000736 -0.25591734 0.460609167
v 1.469004154 -0.25575998 0.461583316
v 1.431665420 -0.25558716 0.462653368
v 1.39432621 -0.25541431 0.463723301
v 1.357363224 -0.18054037 0.465847134
v 1.357175350 -0.2178909 0.465320289
v 1.356987118 -0.25524148 0.464793413
v 1.394138217 -0.29276478 0.463196516
v 1.356799364 -0.29259196 0.464266479
v 1.431477308 -0.29293764 0.462126433
v 1.468816161 -0.29311046 0.461056500
v 1.502812743 -0.29326782 0.460082292
v 1.528104066 -0.29338524 0.459357440
v 1.541419029 -0.29311061 0.435020804
v 1.540504694 -0.29265574 0.403079509
v 1.525819778 -0.29224831 0.379546165
v 1.500530839 -0.29213041 0.380270779
v 1.466534376 -0.29197305 0.381244838
v 1.429195404 -0.29180023 0.382315039
v 1.391856193 -0.29162726 0.383384972
v 1.354517459 -0.29145455 0.384454965
v 1.391684651 -0.32574555 0.382903665
v 1.354345679 -0.32557273 0.383973598
v 1.429023504 -0.32591847 0.381833612
v 1.466362595 -0.32609123 0.380763590
v 1.500361204 -0.326253 0.379789263
v 1.525687933 -0.32636034 0.379063636
v 1.540324688 -0.32844338 0.402564406
v 1.541240572 -0.32882825 0.434562593
v 1.527980804 -0.32749486 0.458874851
v 1.502646565 -0.32738876 0.459600716
v 1.468644380 -0.32722893 0.460575074
v 1.431305408 -0.32705602 0.461645096
v 1.393966436 -0.32688326 0.462715089
v 1.356627464 -0.32671788 0.463784903
v 1.319648265 -0.2550686 0.465863406
v 1.319460392 -0.29241914 0.465336501
v 1.319261074 -0.32638302 0.464858084
v 1.356434106 -0.35301799 0.463415771
v 1.318866491 -0.35201535 0.463706910
v 1.393835067 -0.35322028 0.462343514
v 1.431173205 -0.35338843 0.461273640
v 1.468521118 -0.35356688 0.460203319
v 1.502564907 -0.35374516 0.459227442
v 1.527455806 -0.35092369 0.458556026
v 1.537831544 -0.36089656 0.435039073
v 1.536569595 -0.36037627 0.401454001
v 1.525115013 -0.34988651 0.378744721
v 1.500278234 -0.35261256 0.379415869
v 1.466238856 -0.35243008 0.380391806
v 1.428891062 -0.35225025 0.381462216
v 1.391552090 -0.35207739 0.382532179
v 1.429466486 -0.37173063 0.404688060
v 1.392128229 -0.37155786 0.405757218
v 1.466844797 -0.37190381 0.403633564
v 1.504113555 -0.37207162 0.402233481
v 1.505129933 -0.37254938 0.435736447
v 1.467782259 -0.37237093 0.436419755
v 1.430404901 -0.3721984 0.437507331
v 1.393067598 -0.37202543 0.438576370
v 1.355688810 -0.37185523 0.439841419
v 1.318306446 -0.37116149 0.441251367
v 1.281950950 -0.32609057 0.465929001
v 1.281759977 -0.35073876 0.463333904
v 1.281062722 -0.36959982 0.442234337
v 1.282121419 -0.29224631 0.466406494
v 1.282309293 -0.2548959 0.466933399
v 1.244970440 -0.25472292 0.468003422
v 1.244782447 -0.29207346 0.467476427
v 1.244613409 -0.32602513 0.466997355
v 1.244478464 -0.35145411 0.465460121
v 1.243774414 -0.37000102 0.443798393
v 1.242795705 -0.37087128 0.410370528
v 1.280121803 -0.37104511 0.409376680
v 1.317416429 -0.37121454 0.408085286
v 1.354773044 -0.37138504 0.406843841
v 1.354213237 -0.35190463 0.383602142
v 1.316874265 -0.35173175 0.384672164
v 1.317006707 -0.32539991 0.385043561
v 1.279535293 -0.35155898 0.385742098
v 1.242196321 -0.35138601 0.386812210
v 1.205441951 -0.37069809 0.411420375
v 1.204857468 -0.35121325 0.387882143
v 1.206402540 -0.36984733 0.444725185
v 1.207106351 -0.3513135 0.466514557
v 1.207271575 -0.32587755 0.468067109
v 1.207443594 -0.29190063 0.468546509
v 1.207631588 -0.2545501 0.469073385
v 1.245158433 -0.21737243 0.468530207
v 1.207819581 -0.21719961 0.469600230
v 1.282497406 -0.21754527 0.467460215
v 1.319836497 -0.21771809 0.466390192
v 1.282685279 -0.18019474 0.46798715
v 1.245346427 -0.18002191 0.469057172
v 1.320024251 -0.18036757 0.466917246
v 1.208007574 -0.17984907 0.470127254
v 1.170668602 -0.17967623 0.471197098
v 1.170480728 -0.21702679 0.470670312
v 1.170292615 -0.25437734 0.470143437
v 1.170104742 -0.29172781 0.469616502
v 1.169934988 -0.32568583 0.469137340
v 1.169782638 -0.35103264 0.467411488
v 1.169066906 -0.36951533 0.445713073
v 1.168109893 -0.37052551 0.412501007
v 1.167518377 -0.35104048 0.388952076
v 1.167650818 -0.32470864 0.389323592
v 1.204989910 -0.3248814 0.388253599
v 1.242328882 -0.32505423 0.387183606
v 1.279667615 -0.32522714 0.386113613
v 1.205161809 -0.29076317 0.388735085
v 1.242500543 -0.29093599 0.387665033
v 1.279839515 -0.29110891 0.386594951
v 1.167822837 -0.29059041 0.389804959
v 1.130312204 -0.32453576 0.390393674
v 1.130483865 -0.29041758 0.390875071
v 1.130179643 -0.35086754 0.390022337
v 1.130777120 -0.370352 0.413524568
v 1.131739616 -0.36963627 0.446472644
v 1.132465601 -0.35119712 0.468823283
v 1.132596015 -0.32558447 0.470206379
v 1.13276577 -0.29155499 0.470686495
v 1.132953643 -0.25420451 0.471213340
v 1.133141756 -0.21685395 0.471740216
v 1.133329629 -0.17950341 0.472267210
v 1.170856833 -0.14232574 0.471724063
v 1.133517742 -0.14215291 0.472794055
v 1.208195686 -0.14249854 0.470654070
v 1.096178770 -0.14198008 0.473864078
v 1.095990657 -0.17933059 0.473337143
v 1.095802784 -0.21668112 0.472810268
v 1.095614671 -0.2540316 0.472283333
v 1.095426797 -0.29138213 0.471756517
v 1.095255374 -0.32548642 0.471275299
v 1.095140218 -0.35178497 0.470680207
v 1.094389438 -0.37064821 0.447499811
v 1.093428850 -0.37017557 0.414334654
v 1.092840671 -0.35069481 0.391092181
v 1.092973232 -0.3243629 0.391463726
v 1.093144893 -0.29024467 0.391944944
v 1.093332767 -0.25289425 0.392471879
v 1.130671978 -0.25306711 0.391401886
v 1.168010711 -0.25323993 0.390331834
v 1.205349683 -0.25341269 0.389261841
v 1.130859851 -0.21571654 0.391928672
v 1.168198823 -0.21588938 0.390858739
v 1.205537676 -0.2160622 0.389788687
v 1.093520879 -0.21554369 0.392998725
v 1.055993914 -0.25272143 0.393541872
v 1.056181907 -0.21537085 0.394068658
v 1.055805921 -0.2900719 0.393014967
v 1.055634260 -0.3241902 0.392533659
v 1.055501818 -0.35052228 0.392162144
v 1.056076288 -0.37000227 0.415393233
v 1.057013392 -0.37047011 0.448212742
v 1.05778265 -0.35164848 0.471973836
v 1.057915926 -0.3253316 0.472345084
v 1.058087825 -0.29120931 0.472826391
v 1.058275699 -0.25385883 0.473353385
v 1.058463811 -0.21650828 0.473880201
v 1.021124839 -0.21633543 0.474950283
v 1.020936727 -0.25368601 0.474423438
v 1.020748853 -0.29103649 0.473896473
v 1.020415306 -0.32532313 0.473417341
v 1.020049572 -0.35100323 0.473061829
v 1.019366979 -0.37031657 0.450756430
v 1.018661499 -0.36983073 0.416569352
v 1.018162846 -0.35034969 0.393232077
v 1.018295288 -0.32401738 0.393603682
v 1.018466949 -0.28989908 0.394085109
v 1.018654942 -0.25254861 0.394611805
v 1.018842935 -0.21519805 0.395138710
v 1.019030928 -0.17784752 0.395665735
v 1.056369900 -0.17802034 0.394595712
v 1.093708872 -0.17819318 0.393525689
v 1.131047725 -0.17836601 0.392455697
v 1.056557893 -0.14066984 0.395122498
v 1.093896865 -0.14084268 0.394052594
v 1.131235718 -0.1410155 0.392982512
v 1.019218921 -0.14049701 0.396192640
v 0.981691956 -0.17767468 0.396735668
v 0.981880009 -0.14032415 0.397262483
v 0.981503903 -0.21502519 0.396208733
v 0.981315970 -0.25237584 0.395681828
v 0.981127977 -0.28972626 0.395155042
v 0.980956316 -0.32384455 0.394673645
v 0.980823755 -0.35017669 0.394302070
v 0.98118788 -0.36967367 0.418813586
v 0.981665492 -0.36746934 0.452049195
v 0.982299327 -0.34708777 0.472266823
v 0.982802271 -0.32307574 0.474524706
v 0.983248770 -0.29106396 0.474968254
v 0.946077942 -0.28930733 0.476055979
v 0.945868730 -0.32206047 0.475595206
v 0.945554077 -0.34343854 0.470761567
v 0.945676446 -0.36494187 0.453594774
v 0.943988382 -0.36949039 0.419084250
v 0.943484902 -0.35000348 0.395372182
v 0.943617343 -0.32367158 0.395743638
v 0.943789124 -0.2895534 0.396225035
v 0.943976998 -0.25220287 0.396751850
v 0.944165110 -0.21485239 0.397278636
v 0.944353103 -0.17750186 0.397805690
v 0.944541096 -0.14015135 0.398332625
v 0.944729089 -0.1028008 0.398859590
v 0.982067942 -0.10297367 0.397789478
v 1.019406914 -0.10314649 0.396719545
v 1.056745886 -0.10331932 0.395649522
v 0.982255935 -0.06562309 0.398316383
v 1.019594907 -0.06579594 0.397246390
v 1.056933760 -0.06596877 0.396176338
v 0.944916904 -0.06545028 0.399386435
v 0.907390236 -0.10262801 0.399929612
v 0.907578110 -0.06527745 0.400456398
v 0.907202243 -0.13997851 0.399402558
v 0.907014250 -0.17732902 0.398875713
v 0.906826138 -0.21467958 0.398348629
v 0.906638145 -0.25203022 0.397821843
v 0.906450212 -0.28938058 0.397294998
v 0.906278491 -0.32349876 0.396813601
v 0.906146049 -0.34983072 0.396442174
v 0.907722830 -0.36932757 0.420477598
v 0.909016966 -0.36827147 0.453856051
v 0.910014390 -0.34725723 0.474463850
v 0.871419847 -0.36962348 0.454413920
v 0.869463920 -0.36914003 0.420840859
v 0.871488273 -0.35030627 0.477319240
v 0.868807077 -0.34965789 0.397512078
v 0.868939518 -0.32332599 0.397883683
v 0.869111180 -0.28920776 0.398365020
v 0.869299292 -0.25185734 0.398891836
v 0.869487345 -0.21450673 0.399418741
v 0.869675159 -0.17715625 0.399945706
v 0.869863271 -0.13980569 0.400472521
v 0.870051264 -0.10245517 0.400999516
v 0.870239198 -0.06510462 0.401526451
v 0.870427131 -0.02775405 0.402053266
v 0.907766103 -0.02792691 0.400983214
v 0.945104956 -0.02809974 0.399913221
v 0.982443928 -0.02827257 0.398843199
v 0.907954096 0.009423589 0.401510357
v 0.945292949 0.009250758 0.400440394
v 0.982631921 0.009077927 0.399370372
v 0.870615124 0.009596427 0.402580380
v 0.833088159 -0.02758124 0.403123229
v 0.833276212 0.009769261 0.403650373
v 0.832900166 -0.06493179 0.402596443
v 0.832712292 -0.10228234 0.402069598
v 0.832524299 -0.13963282 0.401542574
v 0.832336187 -0.17698345 0.401015758
v 0.832148313 -0.21433389 0.400488764
v 0.831960320 -0.25168446 0.399961859
v 0.831772327 -0.28903493 0.399434953
v 0.831600606 -0.32315317 0.398953586
v 0.831468164 -0.34948501 0.398582160
v 0.832045555 -0.3689653 0.421810150
v 0.794129133 -0.3493121 0.399652212
v 0.794261694 -0.32298025 0.400023639
v 0.794704556 -0.36879262 0.422878056
v 0.794433355 -0.28886202 0.400505065
v 0.794621229 -0.25151154 0.401031911
v 0.794809341 -0.21416107 0.401558727
v 0.794997334 -0.17681056 0.402085691
v 0.795185387 -0.13946003 0.402612596
v 0.795373320 -0.10210948 0.403139591
v 0.795561313 -0.06475896 0.403666406
v 0.795749306 -0.02740841 0.404193282
v 0.795937299 0.009942092 0.404720366
v 0.796125292 0.047292616 0.405247211
v 0.833464205 0.047119792 0.404177159
v 0.870803117 0.046946968 0.403107196
v 0.908142089 0.046774130 0.402037143
v 0.833652138 0.084470309 0.404704034
v 0.870991170 0.084297478 0.403634011
v 0.908330082 0.084124662 0.402563989
v 0.796313285 0.084643140 0.405773997
v 0.758786320 0.047465451 0.406317263
v 0.758974313 0.084815971 0.406844049
v 0.758598208 0.010114920 0.405790388
v 0.758410334 -0.02723558 0.405263304
v 0.758222281 -0.06458613 0.404736399
v 0.758034408 -0.10193668 0.404209584
v 0.757846415 -0.1392872 0.403682678
v 0.757658481 -0.17663771 0.403155654
v 0.757470428 -0.21398823 0.402628719
v 0.757282435 -0.25133872 0.402101844
v 0.757094442 -0.28868926 0.401574999
v 0.756922721 -0.32280743 0.401093721
v 0.719755411 -0.28851643 0.402645021
v 0.719943463 -0.2511659 0.403171926
v 0.719583690 -0.32263461 0.402163684
v 0.720131397 -0.21381544 0.403698742
v 0.720319390 -0.17646487 0.404225766
v 0.720507383 -0.13911436 0.404752671
v 0.720695436 -0.10176384 0.405279576
v 0.720883369 -0.06441331 0.405806422
v 0.721071302 -0.02706275 0.406333178
v 0.721259295 0.010287750 0.406860411
v 0.721447348 0.047638282 0.407387197
v 0.721635341 0.084988817 0.407914072
v 0.721823275 0.122339308 0.408440977
v 0.759162366 0.122166477 0.407370984
v 0.796501278 0.121993653 0.406300902
v 0.833840131 0.121820829 0.405231028
v 0.759350299 0.159517034 0.407897949
v 0.796689271 0.159344181 0.406827986
v 0.834028184 0.159171357 0.405757963
v 0.722011327 0.159689843 0.408967912
v 0.684484362 0.122512139 0.409510999
v 0.684672415 0.159862697 0.410037964
v 0.684296369 0.085161641 0.408983975
v 0.684108257 0.047811117 0.408457189
v 0.683920323 0.010460575 0.407930403
v 0.683732330 -0.02688993 0.407403320
v 0.683544397 -0.06424046 0.406876415
v 0.683356523 -0.10159101 0.40634951
v 0.683168530 -0.13894153 0.405822545
v 0.682980477 -0.17629203 0.40529567
v 0.682792484 -0.21364254 0.404768735
v 0.682604491 -0.25099313 0.404241919
v 0.645453691 -0.21346974 0.405838698
v 0.645641624 -0.17611921 0.406365692
v 0.645265638 -0.25082022 0.405311912
v 0.645829677 -0.1387687 0.406892657
v 0.646017611 -0.10141815 0.407419562
v 0.646205544 -0.06406763 0.407946407
v 0.646393418 -0.02671709 0.408473193
v 0.646581411 0.010633340 0.409000337
v 0.646769523 0.047983944 0.409527242
v 0.646957516 0.085334479 0.410053938
v 0.647145509 0.122684970 0.410580992
v 0.647333562 0.160035505 0.411107957
v 0.647521495 0.197386071 0.411634802
v 0.684860408 0.197213247 0.410564839
v 0.722199320 0.197040408 0.409494817
v 0.759538292 0.196867570 0.408424824
v 0.685048282 0.234563753 0.411091715
v 0.722387313 0.234390914 0.410021722
v 0.759726166 0.234218090 0.408951729
v 0.647709429 0.234736576 0.412161707
v 0.610182583 0.197558909 0.412704795
v 0.610370397 0.234909415 0.413231700
v 0.609994590 0.160208329 0.412177979
v 0.609806597 0.122857809 0.411650985
v 0.609618544 0.085507296 0.411124050
v 0.609430551 0.048156771 0.410597235
v 0.609242558 0.010806237 0.410070359
v 0.609054565 -0.02654423 0.409543305
v 0.608866572 -0.0638948 0.409016400
v 0.608678698 -0.10124532 0.408489555
v 0.608490705 -0.13859583 0.407962590
v 0.608302712 -0.17594637 0.407435774
v 0.571151793 -0.13842304 0.409032553
v 0.571339786 -0.10107249 0.409559547
v 0.570963740 -0.17577355 0.408505678
v 0.571527659 -0.06372193 0.410086393
v 0.571715652 -0.02637143 0.410613268
v 0.571903646 0.010979067 0.411140352
v 0.572091579 0.048329591 0.411667168
v 0.572279572 0.085680060 0.412194013
v 0.572467565 0.123030617 0.412720978
v 0.572655677 0.160381168 0.413248002
v 0.572843670 0.197731718 0.413774848
v 0.573031544 0.235082238 0.414301693
v 0.573219537 0.272432744 0.414828598
v 0.610558509 0.272259980 0.413758665
v 0.647897422 0.272087156 0.412688642
v 0.685236275 0.271914243 0.41161865
v 0.610746443 0.309610486 0.414285481
v 0.648085415 0.309437692 0.413215518
v 0.685424327 0.309264779 0.412145525
v 0.573407530 0.309783339 0.415355503
v 0.535880565 0.272605627 0.415898650
v 0.536068558 0.309956103 0.416425526
v 0.535692572 0.235255077 0.415371745
v 0.535504698 0.197904601 0.414844840
v 0.535316646 0.160554006 0.414318025
v 0.535128712 0.123203463 0.413791000
v 0.53494066 0.085852950 0.413264036
v 0.534752726 0.048502437 0.412737190
v 0.534564673 0.011151908 0.412210464
v 0.534376680 -0.02619859 0.411683201
v 0.534188687 -0.06354909 0.411156475
v 0.534000814 -0.10089966 0.410629630
v 0.496849715 -0.06337629 0.412226498
v 0.497037708 -0.02602576 0.412753194
v 0.496661812 -0.10072686 0.411699563
v 0.497225701 0.011324740 0.413280397
v 0.497413694 0.048675265 0.413807213
v 0.497601717 0.086025789 0.414334058
v 0.497789710 0.123376302 0.414860963
v 0.497977703 0.160726830 0.415388017
v 0.498165696 0.198077395 0.415914893
v 0.498353630 0.235427886 0.416441708
v 0.498541593 0.272778421 0.416968673
v 0.498729616 0.310128957 0.417495518
v 0.498917579 0.347479552 0.418022453
v 0.536256551 0.347306639 0.416952490
v 0.573595523 0.347133815 0.415882408
v 0.610934495 0.346961051 0.414812505
v 0.536444544 0.384657174 0.417479306
v 0.573783576 0.384484350 0.416409373
v 0.611122429 0.384311527 0.415339380
v 0.499105602 0.384830087 0.418549299
v 0.461578667 0.347652375 0.419092476
v 0.461766660 0.385002911 0.419619381
v 0.461390674 0.310301780 0.418565452
v 0.461202621 0.272951304 0.418038666
v 0.461014628 0.235600739 0.417511761
v 0.460826784 0.198250234 0.416984826
v 0.460638791 0.160899683 0.416457921
v 0.460450768 0.123549133 0.415931046
v 0.460262775 0.086198620 0.415404021
v 0.460074722 0.0488481 0.414877235
v 0.459886729 0.011497557 0.414350390
v 0.459698796 -0.02585291 0.413823366
v 0.422547876 0.011670399 0.415420383
v 0.422735810 0.049020931 0.415947198
v 0.422359794 -0.02568008 0.414893299
v 0.422923862 0.086371466 0.416474014
v 0.423111796 0.123721972 0.417000979
v 0.423299849 0.161072492 0.417527973
v 0.423487782 0.198423072 0.418054789
v 0.423675715 0.235773563 0.418581754
v 0.423863679 0.273124069 0.419108659
v 0.424051702 0.310474604 0.419635623
v 0.424239665 0.347825199 0.420162618
v 0.424427747 0.385175734 0.420689374
v 0.424615681 0.422526210 0.421216279
v 0.461954653 0.422353386 0.420146226
v 0.499293565 0.422180622 0.419076204
v 0.536632597 0.422007709 0.418006241
v 0.462126374 0.456471681 0.420627594
v 0.499465316 0.456298977 0.419557601
v 0.536804258 0.456126004 0.418487638
v 0.424787402 0.456644505 0.421697646
v 0.387276887 0.422698974 0.422286301
v 0.387448549 0.456817388 0.422767609
v 0.387088835 0.385348498 0.421759367
v 0.386900842 0.347997963 0.421232461
v 0.386712789 0.310647398 0.420705527
v 0.386524826 0.273296862 0.420178651
v 0.386336803 0.235946402 0.419651687
v 0.386148929 0.198595896 0.419124811
v 0.385960906 0.161245331 0.418597936
v 0.385772943 0.123894788 0.418071061
v 0.385584950 0.086544290 0.417544037
v 0.385396957 0.049193769 0.417017221
v 0.348246038 0.086717121 0.418614029
v 0.348434031 0.124067619 0.419140964
v 0.348058015 0.049366593 0.418087214
v 0.348622083 0.161418154 0.419667989
v 0.348810076 0.198768675 0.420194894
v 0.348997920 0.236119225 0.420721739
v 0.349185913 0.273469746 0.421248674
v 0.349373936 0.310820281 0.421775549
v 0.349561929 0.348170846 0.422302544
v 0.349749922 0.385521352 0.422829359
v 0.349937915 0.422871887 0.423356264
v 0.350109696 0.456990212 0.423837631
v 0.350242108 0.483322382 0.424209058
v 0.387581020 0.483149588 0.423139065
v 0.424919962 0.482976526 0.422069132
v 0.462258815 0.482803702 0.420999109
v 0.425687968 0.501787066 0.445835202
v 0.388349205 0.501959860 0.446905136
v 0.463027000 0.501614213 0.444765180
v 0.351010263 0.502132654 0.447975128
v 0.312903165 0.483495026 0.425279051
v 0.313671320 0.502305746 0.449045121
v 0.312770664 0.457163006 0.424907565
v 0.312598973 0.423044711 0.424426168
v 0.312411010 0.385694176 0.423899292
v 0.312222957 0.348343640 0.423372447
v 0.312034964 0.310993105 0.422845542
v 0.311846971 0.273642629 0.422318697
v 0.311658948 0.236292049 0.421791791
v 0.311471074 0.198941558 0.421264797
v 0.311283052 0.161590978 0.420738011
v 0.311095088 0.124240465 0.420211017
v 0.273944109 0.161763817 0.421807915
v 0.274132132 0.199114352 0.422334879
v 0.273756116 0.124413289 0.421280980
v 0.274319976 0.236464887 0.422861725
v 0.274507999 0.273815453 0.423388689
v 0.274696022 0.311165928 0.423915565
v 0.274884015 0.348516464 0.424442499
v 0.275072008 0.38586694 0.424969345
v 0.275260001 0.423217535 0.425496250
v 0.275431722 0.457335770 0.425977647
v 0.275564163 0.483667671 0.426349103
v 0.276332378 0.502478241 0.450115114
v 0.314609617 0.50183779 0.481864333
v 0.277270555 0.502010583 0.482934445
v 0.351948618 0.501665055 0.480794489
v 0.389287471 0.501492023 0.479724466
v 0.352523982 0.482185155 0.504020512
v 0.315184921 0.482357919 0.505090594
v 0.389862895 0.482012122 0.502950489
v 0.277845948 0.482530623 0.506160616
v 0.238993406 0.502651095 0.451185286
v 0.239931762 0.502183675 0.484004527
v 0.240507155 0.482703268 0.507230579
v 0.238225251 0.483840674 0.427419126
v 0.238092750 0.457508653 0.427047610
v 0.237921029 0.423390358 0.426566302
v 0.237733036 0.386039823 0.426039367
v 0.237545043 0.348689347 0.425512492
v 0.237357050 0.311338812 0.424985557
v 0.237169057 0.273988276 0.424458652
v 0.236981064 0.236637711 0.423931777
v 0.236793130 0.199287220 0.423404783
v 0.199642092 0.236810579 0.425001710
v 0.199830085 0.274161070 0.425528645
v 0.199454188 0.199460029 0.424474895
v 0.200018048 0.311511635 0.426055550
v 0.200206071 0.348862141 0.426582485
v 0.200394034 0.386212736 0.427109360
v 0.200582146 0.423563212 0.427636176
v 0.200753867 0.457681506 0.428117603
v 0.200886279 0.484013527 0.428489118
v 0.201654523 0.502824187 0.452255129
v 0.202592730 0.502356112 0.485074490
v 0.203168153 0.482875943 0.508300542
v 0.240374624 0.456371247 0.506859064
v 0.203035622 0.456544041 0.507929027
v 0.277713596 0.456198483 0.505789101
v 0.315052509 0.45602566 0.504719138
v 0.277541875 0.422080129 0.505307734
v 0.240202903 0.422252953 0.506377816
v 0.314880847 0.421907305 0.504237711
v 0.202863931 0.422425746 0.507447719
v 0.165830642 0.483055919 0.509370565
v 0.165696740 0.456716984 0.508999109
v 0.165525019 0.422598570 0.508517682
v 0.165255963 0.502529084 0.486143350
v 0.164316594 0.502996802 0.453324019
v 0.163547366 0.484186351 0.429559141
v 0.163414895 0.457854330 0.429187625
v 0.163243144 0.423736035 0.428706318
v 0.163055181 0.386385500 0.428179383
v 0.162867128 0.349035024 0.427652567
v 0.162679195 0.311684489 0.427125543
v 0.162491172 0.274333953 0.426598697
v 0.125340282 0.311857253 0.428195536
v 0.125528305 0.349207848 0.428722560
v 0.125152289 0.274506717 0.427668631
v 0.125716298 0.386558324 0.429249376
v 0.125904291 0.423908859 0.429776310
v 0.126076012 0.458027154 0.430257558
v 0.126208514 0.484359175 0.430629044
v 0.126968860 0.503169655 0.454401493
v 0.127790600 0.502700924 0.487348258
v 0.128472983 0.483253032 0.510441482
v 0.128357827 0.456900298 0.510069370
v 0.128186136 0.422771453 0.509587824
v 0.165337026 0.385248154 0.507990777
v 0.127998143 0.385420918 0.509060919
v 0.202675908 0.385075271 0.506920814
v 0.240014940 0.384902358 0.505850851
v 0.202487915 0.347724795 0.506393909
v 0.165149003 0.347897559 0.507463991
v 0.239826887 0.347551941 0.505323946
v 0.127810120 0.348070383 0.508534014
v 0.090847253 0.422944277 0.510657787
v 0.090659320 0.385593742 0.510130763
v 0.090471267 0.348243206 0.509603917
v 0.091017425 0.457009494 0.51113832
v 0.090994358 0.483113646 0.510775089
v 0.090698301 0.502623796 0.488423973
v 0.089519619 0.503341257 0.455584377
v 0.088869452 0.484531819 0.431699127
v 0.088737011 0.458199918 0.431327611
v 0.08856529 0.424081683 0.430846244
v 0.088377296 0.386731147 0.430319368
v 0.088189303 0.349380612 0.429792553
v 0.051038444 0.386903911 0.431389361
v 0.051226377 0.424254477 0.431916266
v 0.050850451 0.349553495 0.430862575
v 0.051398098 0.458372801 0.432397663
v 0.051530480 0.484704852 0.432769119
v 0.052543342 0.503512382 0.456649303
v 0.053337514 0.502416491 0.489327132
v 0.054021000 0.483038246 0.511420846
v 0.053680002 0.457167387 0.512208223
v 0.053508400 0.423117190 0.511727809
v 0.053320288 0.385766595 0.511200785
v 0.053132295 0.348416119 0.510673940
v 0.090283274 0.310892641 0.509077012
v 0.052944302 0.311065554 0.510147094
v 0.127622157 0.310719907 0.508007109
v 0.164960980 0.310547053 0.506937027
v 0.127434134 0.273369312 0.507480204
v 0.090095222 0.273542106 0.508550107
v 0.164773017 0.273196548 0.506410121
v 0.052756309 0.273715049 0.509620189
v 0.015793323 0.348588943 0.511744141
v 0.015605390 0.311238408 0.511216998
v 0.015417397 0.273887872 0.510690093
v 0.015981316 0.385939419 0.512270867
v 0.016169369 0.423289954 0.512797832
v 0.016341090 0.457410335 0.513279259
v 0.016472518 0.483754336 0.513650834
v 0.016136705 0.503216445 0.490610748
v 0.014960408 0.503688097 0.457624971
v 0.014191627 0.484877973 0.433839142
v 0.014059066 0.458545714 0.433467567
v 0.013887345 0.424427360 0.432986229
v -0.02327985 0.458718538 0.434537619
v -0.0231474 0.485050797 0.434909135
v -0.02345157 0.424600184 0.434056282
v -0.02240163 0.503860473 0.458720564
v -0.0214904 0.503387749 0.491916179
v -0.020935 0.483674287 0.514165759
v -0.02100009 0.457508355 0.514348328
v -0.02116954 0.423462778 0.513867735
v -0.02135766 0.386112242 0.513340830
v -0.02154565 0.348761707 0.512814104
v -0.02173358 0.311411142 0.512287020
v -0.02192158 0.274060696 0.511760234
v 0.015229284 0.236537307 0.510163247
v -0.02210963 0.236710131 0.511233270
v 0.052568376 0.236364468 0.509093284
v 0.089907288 0.236191645 0.508023202
v 0.052380383 0.199013948 0.508566319
v 0.015041530 0.199186787 0.509636223
v 0.089719414 0.198841139 0.507496357
v -0.0222975 0.199359625 0.510706305
v -0.05926049 0.274233460 0.512830257
v -0.05944848 0.236882969 0.512303233
v -0.05963641 0.199532449 0.511776328
v -0.05907255 0.311584055 0.513357102
v -0.05888456 0.348934531 0.513883948
v -0.05869651 0.386285066 0.514410853
v -0.05850852 0.423635542 0.514937758
v -0.05834073 0.457548767 0.515416383
v -0.05830693 0.482716828 0.514055311
v -0.05886298 0.502153217 0.492957055
v -0.05973548 0.504028737 0.460104584
v -0.0604862 0.485223501 0.435979098
v -0.09782529 0.485396206 0.437049120
v -0.09709203 0.504200935 0.461245298
v -0.09612119 0.502145052 0.494453966
v -0.09568143 0.482532441 0.514708995
v -0.09567779 0.457641542 0.516485154
v -0.09584749 0.423808395 0.516007721
v -0.09603554 0.386457979 0.515480876
v -0.09622353 0.349107444 0.514953970
v -0.09641153 0.311756849 0.514427125
v -0.09659952 0.274406373 0.513900160
v -0.09678745 0.237055823 0.513373196
v -0.09697539 0.199705287 0.512846469
v -0.05982441 0.162181928 0.511249423
v -0.09716338 0.162354722 0.512319445
v -0.02248544 0.162009060 0.510179519
v 0.014853477 0.161836236 0.509109497
v -0.02267343 0.124658532 0.509652435
v -0.0600124 0.124831356 0.510722518
v 0.014665424 0.124485693 0.508582413
v -0.09735137 0.125004202 0.511792421
v -0.13431442 0.199878126 0.513916373
v -0.13450223 0.162527561 0.513389408
v -0.13469034 0.125177025 0.512862503
v -0.13412642 0.237228661 0.514443218
v -0.13393843 0.274579197 0.514970183
v -0.13375044 0.311929732 0.515496969
v -0.13356251 0.349280268 0.516024053
v -0.13337451 0.386630743 0.516550898
v -0.13318634 0.423981279 0.517077684
v -0.13301301 0.457843184 0.517555415
v -0.13286394 0.482777833 0.515770435
v -0.1334216 0.502234578 0.495026618
v -0.1706754 0.504078030 0.496205598
v -0.17014456 0.484294325 0.518201351
v -0.1703456 0.458185225 0.518627703
v -0.17052537 0.424154102 0.518147885
v -0.17071337 0.386803567 0.517620861
v -0.1709013 0.349453091 0.517094075
v -0.17108929 0.312102496 0.516567111
v -0.17127734 0.274751961 0.516040086
v -0.17146534 0.237401455 0.515513181
v -0.17165327 0.200050950 0.514986336
v -0.17184126 0.162700384 0.514459431
v -0.1720292 0.125349864 0.513932406
v -0.13487822 0.087826512 0.512335538
v -0.17221725 0.087999343 0.513405561
v -0.09753937 0.087653696 0.511265516
v -0.06020039 0.087480858 0.510195612
v -0.09772736 0.050303157 0.510738730
v -0.13506633 0.050475999 0.511808693
v -0.06038839 0.050130333 0.509668648
v -0.17240524 0.050648819 0.512878716
v -0.20936805 0.125522673 0.515002548
v -0.20955604 0.088172189 0.514475524
v -0.20974416 0.050821654 0.513948738
v -0.20918006 0.162873238 0.515529394
v -0.20899206 0.200223758 0.516056358
v -0.20880425 0.237574294 0.516583204
v -0.20861614 0.274924844 0.517110109
v -0.20842826 0.312275320 0.517637074
v -0.20824015 0.349625915 0.518164038
v -0.20805216 0.386976331 0.518690764
v -0.20786417 0.424326866 0.519217848
v -0.20769233 0.458440929 0.519699037
v -0.24576724 0.312448173 0.518707096
v -0.24595523 0.275097698 0.518180072
v -0.24614322 0.237747103 0.517653286
v -0.24633104 0.200396612 0.517126321
v -0.24651903 0.163046047 0.516599476
v -0.24670702 0.125695511 0.516072511
v -0.24689513 0.088345021 0.515545606
v -0.24708301 0.050994485 0.515018761
v -0.20993221 0.013471122 0.513421893
v -0.24727112 0.013643955 0.514492034
v -0.17259324 0.013298296 0.512351810
v -0.13525432 0.013125462 0.511281728
v -0.17278123 -0.02405221 0.511824846
v -0.2101202 -0.02387938 0.51289469
v -0.13544232 -0.02422504 0.510754704
v -0.24745911 -0.02370654 0.513964712
v -0.28442204 0.051167313 0.516088724
v -0.28460997 0.013816786 0.515561938
v -0.28479797 -0.02353369 0.515034914
v -0.28423399 0.088517844 0.51661551
v -0.28404605 0.125868350 0.517142415
v -0.28385806 0.163218870 0.517669558
v -0.28367001 0.200569465 0.518196344
v -0.28348225 0.237919956 0.518723249
v -0.28329414 0.275270521 0.519250154
v -0.28310627 0.312621057 0.519777119
v -0.32082361 0.238092795 0.519793331
v -0.32101142 0.200742289 0.519266426
v -0.32119942 0.163391739 0.518739640
v -0.32138741 0.126041188 0.518212497
v -0.32157552 0.088690690 0.517685592
v -0.3217634 0.051340155 0.517158925
v -0.32195151 0.013989632 0.516631901
v -0.32213938 -0.02336085 0.516104996
v -0.28498602 -0.06088426 0.514508009
v -0.32232749 -0.06071142 0.515578031
v -0.24764711 -0.06105709 0.513437926
v -0.21030813 -0.06122992 0.512367963
v -0.17296922 -0.06140275 0.511297941
v -0.21049595 -0.09858044 0.511841058
v -0.24783492 -0.09840764 0.512911140
v -0.17315716 -0.09875327 0.510771036
v -0.28517389 -0.09823478 0.513981103
v -0.32251525 -0.09806193 0.515051126
v -0.35950047 -0.02317738 0.516428887
v -0.35968846 -0.0605279 0.515901923
v -0.35987633 -0.09787847 0.515374898
v -0.35931247 0.014173100 0.516955733
v -0.35912442 0.051523625 0.517482638
v -0.35893649 0.088874146 0.518009543
v -0.35874838 0.126224666 0.518536448
v -0.3585605 0.163575187 0.519063413
v -0.35837251 0.200925752 0.519590258
v -0.35818458 0.238276258 0.520117163
v -0.39591986 0.163760185 0.519278109
v -0.39610761 0.126409664 0.518751263
v -0.39629573 0.089059144 0.518224299
v -0.3964836 0.051708623 0.517697453
v -0.39667165 0.014358095 0.517170667
v -0.39685965 -0.02299241 0.516643464
v -0.3970477 -0.06034295 0.516116619
v -0.39723545 -0.0976935 0.515589833
v -0.36006439 -0.13522902 0.514848053
v -0.39742345 -0.13504402 0.515062928
v -0.3227033 -0.13541245 0.514524281
v -0.28536206 -0.13558532 0.513454198
v -0.24802291 -0.13575816 0.512384057
v -0.28554988 -0.17293584 0.512927234
v -0.32289129 -0.17276299 0.513997316
v -0.24821109 -0.17310867 0.511857271
v -0.36025238 -0.17257953 0.514321208
v -0.3976115 -0.17239453 0.514536023
v -0.43457544 -0.09752063 0.516659855
v -0.43476343 -0.13487118 0.516132950
v -0.43495142 -0.17222169 0.515606045
v -0.43438762 -0.06017011 0.517186701
v -0.43419951 -0.02281958 0.517713487
v -0.43401152 0.014530921 0.518240571
v -0.43382353 0.051881469 0.518767416
v -0.43363553 0.089231982 0.519294500
v -0.43344754 0.126582488 0.519821167
v -0.43325955 0.163933023 0.520348131
v -0.47097439 0.089404821 0.520364284
v -0.47116238 0.052054300 0.519837379
v -0.47135037 0.014703763 0.519310534
v -0.4715386 -0.02264675 0.518783569
v -0.47172648 -0.05999728 0.518256723
v -0.47191417 -0.0973478 0.517729818
v -0.47210228 -0.13469836 0.517202913
v -0.4722904 -0.17204887 0.516676068
v -0.4351393 -0.20957223 0.515079140
v -0.47247839 -0.20939937 0.516149044
v -0.39779949 -0.20974506 0.514009118
v -0.36044037 -0.20993006 0.513794302
v -0.32307947 -0.2101135 0.513470351
v -0.36062837 -0.24728061 0.513267338
v -0.39798754 -0.24709561 0.513482153
v -0.32326746 -0.24746408 0.512943565
v -0.43532753 -0.24692278 0.514552354
v -0.47266638 -0.24674995 0.515622139
v -0.50962925 -0.17187603 0.517746031
v -0.50981736 -0.20922656 0.517218947
v -0.51000547 -0.24657711 0.516692102
v -0.50944149 -0.13452552 0.518272936
v -0.50925338 -0.09717502 0.518799901
v -0.50906557 -0.05982445 0.519326686
v -0.50887758 -0.02247391 0.519853591
v -0.50868934 0.014876591 0.520380556
v -0.50850147 0.052227135 0.520907402
v -0.50831348 0.08957766 0.521434366
v -0.54602832 0.015049429 0.521450519
v -0.54621643 -0.02230106 0.520923614
v -0.54640442 -0.05965162 0.520396709
v -0.54659235 -0.09700214 0.519869804
v -0.54678035 -0.1343527 0.519342899
v -0.54696834 -0.17170322 0.518815994
v -0.54715633 -0.20905374 0.518289089
v -0.54734433 -0.24640429 0.517762243
v -0.51019347 -0.28392759 0.516165375
v -0.54753232 -0.28375477 0.517235338
v -0.4728545 -0.28410041 0.515095233
v -0.4355154 -0.28427327 0.514025211
v -0.39817554 -0.28444609 0.512955367
v -0.4357034 -0.3216238 0.513498365
v -0.47304237 -0.32145089 0.514568448
v -0.39836413 -0.32179609 0.512428402
v -0.51038146 -0.32127807 0.515638470
v -0.54772031 -0.32110536 0.516708374
v -0.5846833 -0.24623145 0.518832206
v -0.58487129 -0.28358194 0.518305301
v -0.58544683 -0.32131663 0.517784059
v -0.58449519 -0.2088809 0.519359111
v -0.58430719 -0.17153037 0.519886016
v -0.58411932 -0.13417986 0.520412862
v -0.58393133 -0.09682931 0.520939827
v -0.58374339 -0.05947879 0.521466672
v -0.5835554 -0.02212825 0.521993637
v -0.58336717 0.015222258 0.522520422
v -0.62108225 -0.05930596 0.522536695
v -0.62127006 -0.09665648 0.522009730
v -0.62145805 -0.13400705 0.521482944
v -0.62164605 -0.17135754 0.520955979
v -0.62183404 -0.20870808 0.520429015
v -0.62202203 -0.24605863 0.519902110
v -0.62254977 -0.28374574 0.519380271
v -0.62011254 -0.31857702 0.518814086
v -0.58632547 -0.36054644 0.517250061
v -0.62107879 -0.34908772 0.518406987
v -0.54789704 -0.35844463 0.516181409
v -0.51056933 -0.35862866 0.515111446
v -0.47323036 -0.35880142 0.514041543
v -0.51034367 -0.39267042 0.514619886
v -0.54085273 -0.39133629 0.515511155
v -0.473207 -0.39594266 0.513511538
v -0.56961042 -0.39703169 0.516252219
v -0.63352662 -0.36980608 0.501668453
v -0.61091667 -0.3865124 0.503010869
v -0.58882153 -0.4030275 0.497830510
v -0.64958 -0.31909782 0.519649207
v -0.64344734 -0.34161079 0.519153058
v -0.65444893 -0.35190645 0.500254869
v -0.66048992 -0.28425613 0.520457625
v -0.65970087 -0.24622236 0.520977020
v -0.65917313 -0.20853524 0.521499157
v -0.65898502 -0.1711847 0.522026002
v -0.65879703 -0.1338342 0.522552847
v -0.65860903 -0.09648368 0.523079872
v -0.65842122 -0.05913308 0.523606658
v -0.69576031 -0.0589603 0.524676680
v -0.695948 -0.09631082 0.524149775
v -0.69613612 -0.13366137 0.523622870
v -0.69632411 -0.17101188 0.523096025
v -0.69651198 -0.20836242 0.522569000
v -0.69612992 -0.24298896 0.522064685
v -0.6940074 -0.27277559 0.521579563
v -0.70330364 -0.29652938 0.518587291
v -0.67730081 -0.30199254 0.519511401
v -0.67389107 -0.32773584 0.503787457
v -0.6792686 -0.33726341 0.467798471
v -0.65916085 -0.3541148 0.465692579
v -0.63668227 -0.37167755 0.465273976
v -0.61527693 -0.38751072 0.466390639
v -0.59418571 -0.40316871 0.463804423
v -0.57194579 -0.41636354 0.485899627
v -0.57298207 -0.41864461 0.460589975
v -0.55225325 -0.42878923 0.498329699
v -0.61161649 -0.38091657 0.437789797
v -0.5841403 -0.3918443 0.436848580
v -0.57193333 -0.41408989 0.439742684
v -0.62377506 -0.35538152 0.438501298
v -0.65256459 -0.34563714 0.439463317
v -0.66444683 -0.31984782 0.440170586
v -0.70204544 -0.32047522 0.466158270
v -0.69829959 -0.30956617 0.441284984
v -0.69856256 -0.31281534 0.495746374
v -0.72076267 -0.26721585 0.522423684
v -0.73035926 -0.28723815 0.503986120
v -0.71890241 -0.30125719 0.487877339
v -0.73428702 -0.24241737 0.523163795
v -0.73323995 -0.20758413 0.523630142
v -0.73366296 -0.17083904 0.524165988
v -0.77094996 -0.17061476 0.525235235
v -0.77103394 -0.20106773 0.524803698
v -0.77167141 -0.22904555 0.524423122
v -0.7797659 -0.24766549 0.502966225
v -0.75429547 -0.26548231 0.505007803
v -0.76352 -0.27337888 0.47128281
v -0.74257553 -0.28959078 0.469821691
v -0.72224057 -0.3060995 0.465611755
v -0.72242367 -0.30313542 0.443130582
v -0.73369402 -0.27910644 0.442730993
v -0.69877863 -0.27951488 0.441726863
v -0.66220242 -0.28246671 0.440639078
v -0.62483531 -0.31977576 0.439039021
v -0.62449217 -0.28227162 0.439563721
v -0.58672982 -0.35654774 0.437425583
v -0.58734107 -0.31979507 0.437966883
v -0.58715308 -0.28244454 0.438493788
v -0.66164303 -0.24474838 0.441160619
v -0.62430406 -0.24492122 0.440090566
v -0.5869652 -0.24509399 0.439020633
v -0.69898188 -0.24457556 0.442230671
v -0.73585683 -0.24397214 0.443293482
v -0.76125133 -0.26861149 0.443668425
v -0.77420145 -0.24296013 0.444404214
v -0.78504854 -0.25754148 0.472387075
v -0.81207687 -0.2208495 0.520743608
v -0.80764443 -0.23435986 0.497892499
v -0.81130648 -0.24106444 0.47028023
v -0.80746138 -0.1966394 0.525908231
v -0.83761573 -0.19415759 0.526805639
v -0.84506106 -0.21528129 0.508300662
v -0.83030021 -0.22481287 0.490655809
v -0.77339011 -0.20679833 0.444896280
v -0.73613286 -0.20705217 0.443827509
v -0.69879413 -0.20722501 0.442757517
v -0.66145515 -0.20739783 0.441687524
v -0.62411606 -0.20757067 0.440617412
v -0.58677721 -0.2077435 0.439547509
v -0.54962623 -0.24526688 0.437950611
v -0.54943824 -0.20791633 0.438477546
v -0.54981422 -0.28261724 0.437423735
v -0.62392807 -0.17022014 0.441144526
v -0.58658922 -0.17039296 0.440074473
v -0.54925013 -0.1705658 0.439004540
v -0.66126716 -0.1700473 0.442214429
v -0.69860601 -0.16987447 0.443284571
v -0.6984179 -0.13252397 0.443811327
v -0.66107905 -0.13269679 0.442741364
v -0.62374008 -0.13286963 0.441671341
v -0.5864011 -0.13304245 0.440601408
v -0.54906225 -0.13321529 0.439531385
v -0.51191127 -0.17073862 0.437934458
v -0.5117234 -0.13338809 0.438461363
v -0.51209939 -0.20808913 0.437407523
v -0.51228738 -0.24543965 0.436880648
v -0.51247525 -0.28279018 0.436353683
v -0.55000222 -0.3199679 0.436896860
v -0.51266325 -0.32014078 0.435826838
v -0.47513628 -0.28296301 0.435283780
v -0.47494817 -0.24561255 0.435810655
v -0.47532427 -0.3203136 0.434756875
v -0.47476017 -0.208262 0.436337530
v -0.47457242 -0.17091146 0.436864465
v -0.47438431 -0.13356096 0.437391340
v -0.54887414 -0.09586474 0.440058291
v -0.51153529 -0.09603757 0.438988208
v -0.47419631 -0.09621044 0.437918305
v -0.58621311 -0.09569191 0.441128253
v -0.62355196 -0.09551911 0.442198246
v -0.62336427 -0.05816856 0.442725181
v -0.5860253 -0.05834139 0.441655099
v -0.54868633 -0.05851422 0.440585255
v -0.51134735 -0.05868705 0.439515084
v -0.47400838 -0.05885987 0.438445210
v -0.43685734 -0.09638326 0.436848312
v -0.43666941 -0.05903271 0.437375098
v -0.43704534 -0.13373378 0.436321467
v -0.43723345 -0.17108428 0.435794591
v -0.43742132 -0.20843479 0.435267537
v -0.43760955 -0.24578537 0.434740692
v -0.43779743 -0.28313586 0.434213787
v -0.43798554 -0.32048646 0.433686882
v -0.4755125 -0.35766408 0.434229910
v -0.51285124 -0.35749131 0.435299962
v -0.43817341 -0.35783693 0.433160007
v -0.40064442 -0.32065988 0.432616859
v -0.40045708 -0.28330868 0.433143705
v -0.40116376 -0.3575359 0.432106018
v -0.40026867 -0.24595815 0.433670520
v -0.40008157 -0.20860763 0.434197545
v -0.39989346 -0.17125712 0.434724479
v -0.39970547 -0.13390662 0.435251295
v -0.39951748 -0.0965561 0.435778200
v -0.39932966 -0.05920553 0.436305075
v -0.47382039 -0.02150934 0.438971996
v -0.43648165 -0.02168217 0.437902003
v -0.39914167 -0.02185498 0.436832010
v -0.51115936 -0.02133651 0.440041989
v -0.54849821 -0.02116368 0.441111981
v -0.54831034 0.016186829 0.441638946
v -0.51097137 0.016013996 0.440568924
v -0.47363263 0.015841156 0.439499050
v -0.43629342 0.015668325 0.438428968
v -0.39895368 0.015495501 0.437358975
v -0.36178225 -0.02204 0.436616897
v -0.36159438 0.015310510 0.437143772
v -0.36197031 -0.0593905 0.436089992
v -0.3621583 -0.09674109 0.435563057
v -0.36234629 -0.13409162 0.435036182
v -0.36253428 -0.17144212 0.434509277
v -0.36272144 -0.20879266 0.433982968
v -0.36290973 -0.24614179 0.433359324
v -0.36309737 -0.28349218 0.432830244
v -0.3636182 -0.32036817 0.432293027
v -0.3257367 -0.28367722 0.432605177
v -0.32554829 -0.24632674 0.433132022
v -0.32590848 -0.31788266 0.432122558
v -0.32536131 -0.20897615 0.433658838
v -0.3251732 -0.17162558 0.434185832
v -0.32498533 -0.13427508 0.434712678
v -0.32479733 -0.09692457 0.435239642
v -0.32460946 -0.05957402 0.435766547
v -0.32442141 -0.02222345 0.436293393
v -0.32423323 0.015127033 0.436820507
v -0.3987655 0.052846029 0.437885850
v -0.36140627 0.052661035 0.437670707
v -0.32404542 0.052477560 0.437347382
v -0.43610531 0.053018864 0.438955843
v -0.47344428 0.053191695 0.440025866
v -0.47325629 0.090542227 0.440552771
v -0.43591744 0.090369395 0.439482778
v -0.39857757 0.090196564 0.438412785
v -0.36121851 0.090011574 0.438197612
v -0.32385743 0.089828088 0.437874138
v -0.28689188 0.014954186 0.435750514
v -0.28708005 -0.02239629 0.435223341
v -0.28726804 -0.05974681 0.434696435
v -0.2874558 -0.0970974 0.434169650
v -0.28764385 -0.13444793 0.433642685
v -0.28783184 -0.17179844 0.433115780
v -0.28801996 -0.20914897 0.432588815
v -0.28820777 -0.24649952 0.432062059
v -0.25068098 -0.20932177 0.431518822
v -0.25049293 -0.17197126 0.432045787
v -0.25086892 -0.24667235 0.430991977
v -0.250305 -0.13462076 0.432572603
v -0.25011683 -0.09727021 0.433099538
v -0.24992901 -0.05991969 0.433626502
v -0.24974102 -0.02256915 0.434153288
v -0.24955302 0.014781360 0.434680372
v -0.21259016 -0.06009249 0.432556450
v -0.21277803 -0.09744304 0.432029604
v -0.21296602 -0.13479359 0.431502610
v -0.21315402 -0.1721441 0.430975735
v -0.21334195 -0.20949464 0.430448830
v -0.21352994 -0.24684519 0.429921865
v -0.25105685 -0.28402284 0.430465161
v -0.28839588 -0.28384992 0.431535124
v -0.21371794 -0.2841956 0.429395049
v -0.28856766 -0.31796816 0.431053698
v -0.25122863 -0.31814107 0.429983705
v -0.21388966 -0.3183139 0.428913652
v -0.17637897 -0.28436849 0.428325086
v -0.17619103 -0.24701801 0.428851932
v -0.17655075 -0.31848678 0.427843660
v -0.17600304 -0.20966746 0.429378747
v -0.17581505 -0.17231692 0.429905742
v -0.17562705 -0.13496645 0.430432558
v -0.17543906 -0.0976159 0.430959552
v -0.17525125 -0.06026535 0.431486427
v -0.13828814 -0.13513926 0.429362654
v -0.13847625 -0.17248976 0.428835809
v -0.13866401 -0.2098403 0.428308785
v -0.13885212 -0.24719085 0.427781879
v -0.13904011 -0.28454131 0.427255034
v -0.13921183 -0.3186596 0.426773667
v -0.17668325 -0.3448188 0.427472204
v -0.21402216 -0.34464586 0.428542196
v -0.13934445 -0.34499168 0.426402181
v -0.25136125 -0.34447286 0.429612219
v -0.28867799 -0.3443571 0.430680841
v -0.32614404 -0.34622642 0.431725353
v -0.36329079 -0.3573387 0.432160049
v -0.32238734 -0.36362496 0.455121159
v -0.35090339 -0.36897373 0.456929087
v -0.28805757 -0.36378059 0.453892976
v -0.25078571 -0.36395323 0.452838152
v -0.2134468 -0.36412618 0.451768130
v -0.17610782 -0.36429891 0.450698167
v -0.13876891 -0.36447173 0.449628144
v -0.10200536 -0.34516466 0.425332188
v -0.10187292 -0.31883246 0.425703704
v -0.10142994 -0.36464462 0.448558151
v -0.10170108 -0.28471416 0.426185071
v -0.10151321 -0.24736361 0.426711916
v -0.10132521 -0.21001312 0.427238822
v -0.10113722 -0.17266262 0.427765697
v -0.10094917 -0.13531208 0.428292602
v -0.06398618 -0.21018593 0.426168769
v -0.06417412 -0.24753651 0.425641983
v -0.06436211 -0.28488699 0.425115108
v -0.06453389 -0.31900534 0.424633622
v -0.06466639 -0.34533754 0.424262136
v -0.06409097 -0.36481732 0.447488188
v -0.1004917 -0.36511233 0.481377333
v -0.13783062 -0.36493933 0.482447326
v -0.06315267 -0.36528522 0.480307579
v -0.17516953 -0.3647666 0.483517319
v -0.2125085 -0.36459365 0.484587311
v -0.24984753 -0.36442107 0.485657423
v -0.28712285 -0.36424884 0.486747831
v -0.32158697 -0.3640869 0.487576127
v -0.28640217 -0.34546652 0.510492920
v -0.32419372 -0.34745929 0.511545062
v -0.24907911 -0.34561089 0.509423732
v -0.21174014 -0.34578374 0.508353650
v -0.17440134 -0.34595656 0.507283687
v -0.13706243 -0.34612939 0.506213665
v -0.09972346 -0.34630233 0.505143702
v -0.06238449 -0.34647518 0.504073619
v -0.02581394 -0.36545798 0.479237437
v -0.02675211 -0.36499012 0.446418196
v -0.02504563 -0.34664789 0.503003656
v -0.02732754 -0.34551018 0.423192173
v -0.02719504 -0.3191781 0.423563659
v -0.02702332 -0.28505975 0.424045026
v -0.02683526 -0.24770933 0.424571961
v -0.02664733 -0.21035875 0.425098776
v 0.010315716 -0.28523263 0.422975152
v 0.010143876 -0.31935081 0.422493726
v 0.010011375 -0.34568271 0.422122210
v 0.010586857 -0.36516312 0.445348143
v 0.011525094 -0.36563084 0.478167414
v 0.012293279 -0.34682077 0.501933693
v -0.02491307 -0.32031563 0.503375172
v -0.06225199 -0.32014275 0.504445135
v 0.012425839 -0.32048845 0.502305209
v -0.09959096 -0.31996983 0.505515158
v -0.13692993 -0.31979701 0.506585180
v -0.17426884 -0.31962419 0.507655262
v -0.21160764 -0.31945136 0.508725166
v -0.24894661 -0.31927863 0.509795188
v -0.28628558 -0.31910568 0.510865211
v -0.24877489 -0.28516024 0.510276734
v -0.28611386 -0.28498739 0.511346459
v -0.21143591 -0.28533307 0.509206652
v -0.17409712 -0.28550589 0.508136570
v -0.13675821 -0.28567871 0.507066488
v -0.09941924 -0.28585154 0.505996584
v -0.06208026 -0.28602439 0.504926681
v -0.02474135 -0.28619722 0.503856599
v 0.012597560 -0.28637004 0.502786457
v 0.049764812 -0.32066122 0.501235187
v 0.049936533 -0.2865428 0.501716375
v 0.049632310 -0.34699354 0.500863671
v 0.048864007 -0.36580366 0.477097362
v 0.047925829 -0.36533582 0.444278180
v 0.047350406 -0.34585556 0.421052217
v 0.047482848 -0.31952357 0.421423614
v 0.084689259 -0.3460288 0.419982165
v 0.085264742 -0.36550882 0.443208098
v 0.086203038 -0.3659763 0.476027339
v 0.086971283 -0.34716639 0.499793708
v 0.087103724 -0.32083407 0.500165104
v 0.087275445 -0.2867156 0.500646591
v 0.050124466 -0.2491924 0.502243399
v 0.012785553 -0.24901962 0.503313481
v 0.087463498 -0.24936523 0.501173377
v -0.02455336 -0.24884668 0.504383325
v -0.06189227 -0.24867384 0.505453348
v -0.09923124 -0.24850108 0.506523370
v -0.13657022 -0.24832824 0.507593452
v -0.17390913 -0.24815542 0.508663415
v -0.21124792 -0.24798252 0.509733378
v -0.24858701 -0.24780975 0.510803341
v -0.21105993 -0.21063203 0.510260343
v -0.2483989 -0.2104592 0.511330246
v -0.17372113 -0.21080486 0.509190201
v -0.13638222 -0.21097766 0.508120238
v -0.09904325 -0.21115053 0.507050156
v -0.06170428 -0.21132332 0.505980253
v -0.02436537 -0.21149619 0.504910349
v 0.012973606 -0.21166901 0.503840267
v 0.050312519 -0.21184185 0.502770185
v 0.087651550 -0.21201468 0.501700162
v 0.124802380 -0.24953806 0.500103235
v 0.124990314 -0.21218751 0.500630140
v 0.124614357 -0.28688848 0.499576479
v 0.124442637 -0.32100689 0.499095022
v 0.124310165 -0.34733927 0.498723715
v 0.123541981 -0.36614931 0.474957317
v 0.161649048 -0.3475121 0.497653663
v 0.161781489 -0.32117978 0.498025208
v 0.160880863 -0.3663221 0.473887354
v 0.161953240 -0.28706124 0.498506516
v 0.162141203 -0.24971083 0.499033391
v 0.162329256 -0.21236031 0.499560296
v 0.125178307 -0.17483698 0.501157224
v 0.087839484 -0.17466414 0.502227306
v 0.162517249 -0.1750098 0.500087201
v 0.050500512 -0.17449129 0.503297209
v 0.01316154 -0.17431843 0.504367172
v -0.02417743 -0.17414565 0.505437195
v -0.06151628 -0.17397279 0.506507277
v -0.09885526 -0.17379999 0.507577300
v -0.13619411 -0.17362715 0.508647203
v -0.17353314 -0.17345433 0.509717166
v -0.21087193 -0.17328149 0.510787248
v -0.17334509 -0.13610382 0.510244131
v -0.21068394 -0.13593096 0.511314094
v -0.13600624 -0.13627662 0.509174168
v -0.09866726 -0.13644949 0.508104145
v -0.06132829 -0.13662231 0.507034122
v -0.02398932 -0.13679515 0.50596416
v 0.013349592 -0.13696794 0.504894197
v 0.050688505 -0.13714081 0.503824114
v 0.088027536 -0.13731363 0.502754032
v 0.125366300 -0.13748647 0.501683950
v 0.162705242 -0.1376593 0.500614106
v 0.199856132 -0.17518264 0.499017238
v 0.200044125 -0.13783213 0.499544084
v 0.199668139 -0.21253318 0.498490184
v 0.199480146 -0.24988379 0.497963398
v 0.199292153 -0.28723413 0.497436553
v 0.236819118 -0.25005656 0.496893435
v 0.237007111 -0.212706 0.497420251
v 0.236631125 -0.28740704 0.496366530
v 0.237195104 -0.17535546 0.497947186
v 0.237383097 -0.13800493 0.498474091
v 0.200232207 -0.10048161 0.500070989
v 0.162893235 -0.10030879 0.501140952
v 0.237571090 -0.10065442 0.499001115
v 0.125554353 -0.10013595 0.502211093
v 0.088215529 -0.09996312 0.503280997
v 0.050876498 -0.09979026 0.504351079
v 0.013537585 -0.09961743 0.505421042
v -0.02380139 -0.0994446 0.506491065
v -0.06114024 -0.09927177 0.507561087
v -0.09847927 -0.09909894 0.508631050
v -0.13581812 -0.09892613 0.509701132
v -0.13563019 -0.06157557 0.510227918
v -0.0982914 -0.06174842 0.509157955
v -0.06095237 -0.06192124 0.508087933
v -0.02361351 -0.06209408 0.507017970
v 0.013725459 -0.06226691 0.505947947
v 0.051064431 -0.06243974 0.504877984
v 0.088403403 -0.06261257 0.503807961
v 0.125742226 -0.06278539 0.502737820
v 0.163081139 -0.06295823 0.501667857
v 0.200420051 -0.06313106 0.500597834
v 0.237759023 -0.0633039 0.499527990
v 0.274910092 -0.10082728 0.497931033
v 0.275097936 -0.06347673 0.498457938
v 0.274722069 -0.1381778 0.497404098
v 0.274534076 -0.1755283 0.496877193
v 0.312061071 -0.13835059 0.496334105
v 0.312249064 -0.10100008 0.496861040
v 0.311873048 -0.17570113 0.495807170
v 0.312436938 -0.06364956 0.497387915
v 0.275285959 -0.02612619 0.498984724
v 0.237946957 -0.02595336 0.500054776
v 0.312624931 -0.02629901 0.497914791
v 0.200608044 -0.02578052 0.501124739
v 0.163269132 -0.02560766 0.502194821
v 0.125930249 -0.02543486 0.503264725
v 0.088591337 -0.02526202 0.504334747
v 0.051252305 -0.02508919 0.505404710
v 0.013913393 -0.02491636 0.506474852
v -0.02342546 -0.02474353 0.507544875
v -0.06076437 -0.02457071 0.508614718
v -0.09810334 -0.02439788 0.509684741
v -0.09791535 0.012952628 0.510211944
v -0.06057638 0.012779798 0.509141862
v -0.02323747 0.012606969 0.508071780
v 0.014101445 0.012434145 0.507001817
v 0.051440358 0.012261309 0.505931854
v 0.088779330 0.012088476 0.504862010
v 0.126118242 0.011915648 0.503791809
v 0.163457125 0.011742819 0.502721726
v 0.200796037 0.011569977 0.501651704
v 0.23813501 0.011397144 0.500581800
v 0.275473982 0.011224312 0.499511867
v 0.312812924 0.011051492 0.498441845
v 0.349963873 -0.02647182 0.496844768
v 0.350151866 0.010878661 0.497371852
v 0.349775880 -0.06382234 0.496317923
v 0.313000947 0.048402022 0.498968690
v 0.275661975 0.048574853 0.500038623
v 0.350339859 0.048229198 0.497898697
v 0.238323003 0.048747692 0.501108646
v 0.200984031 0.048920512 0.502178669
v 0.163645148 0.049093347 0.503248691
v 0.126306235 0.049266185 0.504318654
v 0.088967382 0.049439009 0.505388617
v 0.051628470 0.049611836 0.506458759
v 0.014289438 0.049784675 0.507528781
v -0.02304947 0.049957498 0.508598804
v -0.02286148 0.087308026 0.509125530
v 0.014477431 0.087135195 0.508055508
v 0.051816403 0.086962372 0.506985485
v 0.089155435 0.086789533 0.505915522
v 0.126494228 0.086616709 0.504845559
v 0.163833111 0.086443871 0.503775477
v 0.201172024 0.086271055 0.502705514
v 0.238510996 0.086098209 0.501635491
v 0.275849908 0.085925385 0.500565528
v 0.313188940 0.085752554 0.499495506
v 0.350527942 0.085579715 0.498425483
v 0.387678802 0.048056360 0.496828675
v 0.387866765 0.085406892 0.497355490
v 0.387490779 0.010705831 0.4963018
v 0.350715845 0.122930228 0.498952478
v 0.313376903 0.123103052 0.500022471
v 0.388054788 0.122757405 0.497882396
v 0.276037961 0.123275883 0.501092433
v 0.238699019 0.123448714 0.502162456
v 0.201360046 0.123621560 0.503232419
v 0.164021134 0.123794376 0.504302442
v 0.126682251 0.123967208 0.505372524
v 0.089343309 0.124140024 0.506442427
v 0.052004337 0.124312877 0.507512569
v 0.05219239 0.161663398 0.508039414
v 0.089531302 0.161490574 0.506969332
v 0.126870244 0.161317735 0.505899429
v 0.164209067 0.161144912 0.504829406
v 0.201547980 0.160972073 0.503759324
v 0.238887012 0.160799279 0.502689421
v 0.276225984 0.160626411 0.501619398
v 0.313564926 0.160453617 0.500549435
v 0.350903928 0.160280749 0.499479442
v 0.388242751 0.160107955 0.498409450
v 0.425393641 0.122584581 0.496812462
v 0.425581634 0.159935087 0.497339367
v 0.425205647 0.085234068 0.496285498
v 0.425017654 0.047883525 0.495758682
v 0.462544560 0.085061237 0.495215505
v 0.462732642 0.122411742 0.495742410
v 0.462356627 0.047710698 0.494688719
v 0.462920665 0.159762278 0.496269524
v 0.425769686 0.197285652 0.497866272
v 0.388430833 0.197458505 0.498936265
v 0.463108629 0.197112783 0.496796280
v 0.351091861 0.197631314 0.500006258
v 0.313752919 0.197804123 0.501076221
v 0.276413947 0.197976961 0.502146244
v 0.239075094 0.198149800 0.503216326
v 0.201736033 0.198322638 0.504286289
v 0.164397060 0.198495477 0.505356311
v 0.127058237 0.198668286 0.506426334
v 0.127246171 0.236018836 0.506953239
v 0.164585024 0.235845983 0.505883097
v 0.201923936 0.235673144 0.504813194
v 0.239262908 0.235500320 0.503743171
v 0.276601851 0.235327512 0.502673208
v 0.313940823 0.235154658 0.501603245
v 0.351279795 0.23498182 0.500533103
v 0.388618648 0.234808996 0.499463170
v 0.425957530 0.234636157 0.498393178
v 0.463296443 0.234463334 0.497323155
v 0.500447511 0.196939960 0.495726257
v 0.500635445 0.234290495 0.496253252
v 0.500259637 0.159589439 0.495199471
v 0.500071525 0.122238904 0.494672507
v 0.499883562 0.084888406 0.494145512
v 0.537410497 0.122066080 0.493602424
v 0.537598550 0.159416601 0.494129478
v 0.537222504 0.084715560 0.493075579
v 0.537786483 0.196767136 0.494656324
v 0.537974417 0.234117656 0.495183199
v 0.500823438 0.271641075 0.496780157
v 0.463484525 0.271813899 0.497850120
v 0.538162410 0.271468162 0.495710164
v 0.426145523 0.271986722 0.498920083
v 0.388806670 0.272159546 0.499990165
v 0.351467758 0.272332400 0.501060128
v 0.314128816 0.272505223 0.502130210
v 0.276789844 0.272678047 0.503200113
v 0.239450901 0.272850871 0.504270136
v 0.202111899 0.273023724 0.505339980
v 0.202299952 0.310374200 0.505867004
v 0.239638835 0.310201346 0.504797101
v 0.276977866 0.310028523 0.503727018
v 0.314316809 0.309855699 0.502656936
v 0.351655781 0.309682905 0.501586914
v 0.388994693 0.309509992 0.500517070
v 0.426333546 0.309337258 0.499447077
v 0.463672429 0.309164434 0.498377025
v 0.501011431 0.308991611 0.497307062
v 0.538350403 0.308818757 0.496237039
v 0.575501382 0.271295338 0.494640111
v 0.575689375 0.308645933 0.495167076
v 0.575313389 0.233944833 0.494113177
v 0.575125515 0.196594327 0.493586272
v 0.574937522 0.159243762 0.493059456
v 0.612464427 0.196421504 0.492516279
v 0.612652361 0.233772009 0.493043214
v 0.612276434 0.159070938 0.491989433
v 0.612840294 0.271122574 0.493570119
v 0.613028407 0.308473050 0.494097054
v 0.575877428 0.345996469 0.495693981
v 0.538538396 0.346169233 0.496763914
v 0.613216280 0.345823645 0.494624048
v 0.501199483 0.346342146 0.497834026
v 0.463860511 0.346514910 0.498903989
v 0.426521539 0.346687674 0.499973923
v 0.389182686 0.346860617 0.501043975
v 0.351843774 0.347033470 0.502114057
v 0.314504802 0.347206294 0.503183960
v 0.277165859 0.347379118 0.504253983
v 0.277353853 0.384729594 0.504780829
v 0.314692795 0.384556770 0.503710806
v 0.352031767 0.384383946 0.502640783
v 0.389370679 0.384211093 0.501570820
v 0.426709592 0.384038150 0.500500738
v 0.464048445 0.383865386 0.499430865
v 0.501387476 0.383692622 0.498360842
v 0.538726449 0.383519709 0.497290819
v 0.576065421 0.383346885 0.496220856
v 0.613404333 0.383174121 0.495150864
v 0.650555312 0.345650821 0.493553966
v 0.650743246 0.383001297 0.494080811
v 0.65036726 0.308300286 0.493027031
v 0.650179326 0.270949751 0.492500126
v 0.649991273 0.233599171 0.491973191
v 0.687518239 0.270776838 0.491430074
v 0.687706112 0.308127373 0.491957098
v 0.687330126 0.233426347 0.490903168
v 0.687894165 0.345477908 0.492483973
v 0.688082158 0.382828444 0.493010848
v 0.650931298 0.420351833 0.494607627
v 0.613592267 0.420524716 0.495677709
v 0.688270211 0.42017892 0.493537753
v 0.576253414 0.420697420 0.496747762
v 0.538914442 0.420870304 0.497817665
v 0.50157547 0.421043157 0.498887747
v 0.464236497 0.421216040 0.499957740
v 0.426897525 0.421388804 0.501027703
v 0.389558672 0.421561628 0.502097785
v 0.352219730 0.421734482 0.503167688
v 0.352391481 0.455852836 0.503649115
v 0.389730393 0.455679982 0.502579033
v 0.427069306 0.455507159 0.501508891
v 0.464408218 0.455334335 0.500439107
v 0.501747191 0.455161511 0.499369144
v 0.539086103 0.454988658 0.498299062
v 0.576425135 0.454815954 0.497229099
v 0.613764047 0.454643070 0.496159106
v 0.651103019 0.454470247 0.495089113
v 0.688441813 0.454297334 0.494019120
v 0.725609064 0.420006096 0.492467671
v 0.725780844 0.454124510 0.492949068
v 0.725421071 0.382655561 0.491940766
v 0.725233018 0.345305144 0.491413950
v 0.725045025 0.307954609 0.490886986
v 0.762572050 0.345132261 0.490343987
v 0.762759983 0.382482796 0.490870744
v 0.762384057 0.307781726 0.489817023
v 0.762948036 0.419833332 0.491397649
v 0.763119757 0.453951686 0.491879075
v 0.725913286 0.480456769 0.493320524
v 0.688574194 0.480629652 0.494390666
v 0.763252258 0.480284005 0.492250531
v 0.651235461 0.480802446 0.495460540
v 0.613896548 0.480975210 0.496530532
v 0.576557517 0.481147974 0.497600525
v 0.539218604 0.481320858 0.498670548
v 0.501879632 0.481493771 0.499740541
v 0.46454072 0.481666535 0.500810563
v 0.427201688 0.481839418 0.501880526
v 0.426626384 0.501319348 0.478654474
v 0.463965237 0.501146495 0.477584511
v 0.501304268 0.500973641 0.476514458
v 0.538643300 0.500801026 0.475444555
v 0.575982213 0.500627756 0.474374502
v 0.613321185 0.500455081 0.473304480
v 0.650660038 0.500282526 0.472234547
v 0.687999010 0.500109612 0.471164405
v 0.725337922 0.499936699 0.470094323
v 0.762676775 0.499763757 0.469024300
v 0.800591170 0.480111122 0.491180539
v 0.800015866 0.499591141 0.467954337
v 0.800458610 0.453778863 0.490809083
v 0.800287008 0.419660449 0.490327686
v 0.800099074 0.382309973 0.489800781
v 0.837625861 0.419487655 0.489257693
v 0.837797641 0.453606009 0.489739090
v 0.837437868 0.382137119 0.488730847
v 0.837930142 0.479938089 0.490110576
v 0.837354898 0.499418318 0.466884464
v 0.799077451 0.500058949 0.435134917
v 0.761738479 0.500231564 0.436205089
v 0.836416542 0.499885797 0.434065133
v 0.724399566 0.500404357 0.437275141
v 0.687060594 0.500577032 0.438345164
v 0.649721801 0.500750064 0.439415216
v 0.612382769 0.500923037 0.440485149
v 0.575043857 0.501095414 0.441555231
v 0.537704885 0.501268506 0.442625194
v 0.500365912 0.501441478 0.443695187
v 0.499597787 0.482631117 0.419929057
v 0.536936759 0.482458025 0.418859064
v 0.574275672 0.482285201 0.417789042
v 0.611614704 0.482112675 0.416719079
v 0.648953557 0.481939911 0.415649056
v 0.686292529 0.481766700 0.414579063
v 0.723631441 0.481593698 0.413509070
v 0.760970294 0.481420755 0.412439078
v 0.798309326 0.481248050 0.411369055
v 0.835648298 0.481075197 0.410299092
v 0.873756051 0.499713122 0.432995736
v 0.872987210 0.480902552 0.409229069
v 0.874695301 0.499245226 0.465815275
v 0.875271320 0.479776889 0.489040702
v 0.875136613 0.453432887 0.488669186
v 0.912632584 0.479580253 0.487785905
v 0.912247061 0.499068707 0.464938610
v 0.911105096 0.499540031 0.431937098
v 0.910326123 0.480729669 0.408159077
v 0.872854828 0.454570472 0.408857584
v 0.835515797 0.454743295 0.409927576
v 0.910193681 0.454397708 0.407787621
v 0.798176884 0.454916149 0.410997539
v 0.760837912 0.455088973 0.412067651
v 0.723498880 0.455261737 0.413137614
v 0.686159968 0.45543468 0.414207547
v 0.648821175 0.455607593 0.415277630
v 0.611482203 0.455780416 0.416347563
v 0.574143290 0.455953180 0.417417585
v 0.573971569 0.421834886 0.416936218
v 0.611310482 0.421662062 0.415866226
v 0.648649454 0.421489298 0.414796292
v 0.685988247 0.421316385 0.413726210
v 0.723327159 0.421143621 0.412656247
v 0.760666251 0.420970678 0.411586195
v 0.798005163 0.420797914 0.410516142
v 0.835344076 0.420625001 0.409446269
v 0.872682988 0.420452237 0.408376246
v 0.910022020 0.420279413 0.407306253
v 0.947532594 0.454224824 0.406717598
v 0.947664976 0.480556726 0.407089114
v 0.947360873 0.420106589 0.406236141
v 0.948647737 0.499364078 0.431020140
v 0.947172880 0.382756054 0.405709296
v 0.909834027 0.382928878 0.406779319
v 0.984511733 0.382583200 0.404639303
v 0.872495055 0.383101701 0.407849311
v 0.835156083 0.383274465 0.408919334
v 0.797817051 0.383447378 0.409989386
v 0.760478198 0.383620142 0.411059379
v 0.723139286 0.383793026 0.412129342
v 0.685800254 0.383965909 0.413199335
v 0.648461401 0.384138703 0.414269387
v 0.648273408 0.346788227 0.413742512
v 0.685612320 0.346615314 0.412672460
v 0.722951233 0.346442490 0.411602497
v 0.760290145 0.346269667 0.410532504
v 0.797629058 0.346096903 0.409462511
v 0.834968149 0.34592399 0.408392518
v 0.872307062 0.345751166 0.407322406
v 0.909646034 0.345578402 0.406252443
v 0.946984887 0.345405519 0.405182480
v 0.98432374 0.345232665 0.404112458
v 0.984135747 0.307882130 0.403585493
v 0.946796894 0.308054983 0.404655575
v 1.021474838 0.307709306 0.402515590
v 0.909458041 0.308227837 0.405725479
v 0.872119009 0.308400631 0.406795561
v 0.834780097 0.308573424 0.407865613
v 0.797441124 0.308746337 0.408935487
v 0.760102152 0.308919131 0.410005539
v 0.722763240 0.309091955 0.411075562
v 0.722575187 0.271741479 0.410548657
v 0.759914219 0.271568656 0.409478694
v 0.797253131 0.271395832 0.408408671
v 0.834592104 0.271222919 0.407338678
v 0.871930956 0.271050155 0.406268656
v 0.909270048 0.270877331 0.405198663
v 0.946608901 0.270704507 0.404128611
v 0.983947753 0.270531654 0.403058648
v 1.021286726 0.270358771 0.401988595
v 1.021098732 0.233008265 0.401461690
v 0.983759701 0.233181133 0.402531743
v 1.058437705 0.232835426 0.400391697
v 0.946420908 0.233353927 0.403601676
v 0.909082055 0.233526766 0.404671728
v 0.871743083 0.23369959 0.405741721
v 0.834403991 0.233872458 0.406811714
v 0.797065138 0.234045282 0.407881677
v 0.796877265 0.196694731 0.407354831
v 0.834216237 0.196521908 0.406284749
v 0.871555209 0.196349069 0.405214756
v 0.908894062 0.196176230 0.404144853
v 0.946232914 0.196003407 0.403074830
v 0.983571946 0.195830598 0.402004748
v 1.020910739 0.195657759 0.400934845
v 1.058249712 0.195484936 0.399864763
v 1.058061718 0.158134371 0.399337947
v 1.020722866 0.158307194 0.40040797
v 1.095400929 0.157961532 0.398267984
v 0.983383894 0.158480033 0.401477962
v 0.946044921 0.158652856 0.402547955
v 0.908706069 0.158825725 0.403617948
v 0.871367216 0.158998519 0.404687941
v 0.871179163 0.121647991 0.404160976
v 0.908518075 0.121475160 0.403090983
v 0.945856928 0.121302336 0.402020901
v 0.983195841 0.121129505 0.400950998
v 1.020534753 0.120956681 0.399880915
v 1.057873725 0.120783858 0.398810923
v 1.095212936 0.120611012 0.397741019
v 1.095024704 0.083260513 0.397213965
v 1.057685852 0.083433337 0.398283898
v 1.132363796 0.083087682 0.396144002
v 1.02034688 0.083606168 0.399353981
v 0.983007907 0.083778999 0.400424003
v 0.945668935 0.083951838 0.401493996
v 0.945480883 0.046601299 0.400967210
v 0.982819974 0.046428475 0.399897187
v 1.020158767 0.046255633 0.398827225
v 1.057497739 0.046082805 0.397757172
v 1.094836711 0.045909974 0.396687299
v 1.132175684 0.045737143 0.395617187
v 1.131987810 0.008386601 0.395090401
v 1.094648838 0.008559441 0.396160394
v 1.169326782 0.008213782 0.394020408
v 1.057309627 0.008732277 0.397230386
v 1.019970774 0.008905108 0.398300379
v 1.019782781 -0.02844539 0.397773206
v 1.057121872 -0.02861823 0.396703213
v 1.094460725 -0.02879106 0.395633220
v 1.131799697 -0.02896389 0.394563227
v 1.16913867 -0.02913673 0.393493294
v 1.168950557 -0.06648725 0.392966389
v 1.131611824 -0.06631443 0.394036412
v 1.206289529 -0.06666008 0.391896367
v 1.094272732 -0.0661416 0.395106405
v 1.094084739 -0.10349212 0.394579440
v 1.131423711 -0.10366498 0.393509507
v 1.168762803 -0.10383782 0.392439544
v 1.206101656 -0.10401061 0.391369462
v 1.205913543 -0.14136113 0.390842586
v 1.16857481 -0.14118834 0.391912519
v 1.243252515 -0.141534 0.389772504
v 1.168386697 -0.17853884 0.391385704
v 1.205725669 -0.17871167 0.390315711
v 1.243064522 -0.17888448 0.389245629
v 1.242876529 -0.21623504 0.388718664
v 1.280215501 -0.21640787 0.387648642
v 1.242688536 -0.25358552 0.388191849
v 1.280027627 -0.25375843 0.387121766
v 1.317178487 -0.29128173 0.385525047
v 0.874964892 0.419314831 0.488187789
v 0.837249875 0.344786644 0.488203972
v 0.799911022 0.344959557 0.489273965
v 0.799722969 0.307608932 0.488747030
v 0.799534916 0.270258426 0.488220125
v 0.762196004 0.270431190 0.489290118
v 0.724857032 0.270604014 0.490360081
v 0.762008011 0.233080714 0.488763183
v 0.724669039 0.233253508 0.489833176
v 0.761820137 0.195730179 0.488236308
v 0.724481165 0.195902988 0.489306300
v 0.687142252 0.196075826 0.490376293
v 0.6498034 0.196248635 0.491446286
v 0.686954200 0.158725291 0.489849448
v 0.649615407 0.158898100 0.490919470
v 0.724293232 0.158552438 0.488779366
v 0.724105179 0.121201925 0.488252401
v 0.686766326 0.121374763 0.489322453
v 0.649427413 0.121547587 0.490392416
v 0.612088441 0.121720410 0.491462379
v 0.574749469 0.121893219 0.492532402
v 0.611900448 0.084369897 0.490935504
v 0.574561417 0.084542721 0.492005467
v 0.649239420 0.084197081 0.489865511
v 0.686578273 0.084024243 0.488795489
v 0.686390280 0.046673707 0.488268673
v 0.649051427 0.046846542 0.489338725
v 0.611712396 0.047019381 0.490408688
v 0.574373424 0.047192186 0.491478681
v 0.537034511 0.047365035 0.492548704
v 0.499695539 0.047537867 0.493618696
v 0.536846518 0.010014503 0.492021888
v 0.499507546 0.010187339 0.493091821
v 0.574185490 0.009841665 0.490951806
v 0.573997497 -0.02750881 0.490424841
v 0.536658525 -0.027336 0.491494745
v 0.499319523 -0.02716316 0.492564797
v 0.462168574 0.010360166 0.494161814
v 0.461980640 -0.02699034 0.493634730
v 0.424829661 0.010532997 0.495231807
v 0.424641668 -0.02681751 0.494704783
v 0.461792588 -0.06434086 0.493107885
v 0.424453675 -0.06416804 0.494177907
v 0.499131560 -0.06451371 0.492037951
v 0.498943656 -0.10186426 0.491511046
v 0.461604714 -0.10169143 0.492581039
v 0.424265801 -0.10151856 0.493651002
v 0.387302815 -0.02664467 0.495774716
v 0.387114763 -0.06399522 0.495247960
v 0.386926949 -0.10134577 0.494720995
v 0.349587976 -0.10117291 0.495791077
v 0.386738896 -0.13869628 0.494194090
v 0.349399983 -0.13852346 0.495264083
v 0.424077808 -0.13886912 0.493124067
v 0.423889815 -0.17621963 0.492597222
v 0.386550903 -0.17604682 0.493667215
v 0.349211990 -0.17587398 0.494737267
v 0.311685055 -0.21305166 0.495280236
v 0.274346083 -0.21287884 0.496350258
v 0.349023997 -0.21322447 0.494210243
v 0.348836004 -0.25057498 0.493683427
v 0.311497032 -0.25040221 0.494753420
v 0.274158060 -0.25022939 0.495823442
v 0.273970097 -0.28757986 0.495296508
v 0.273798346 -0.32169822 0.494815111
v 0.236459404 -0.32152539 0.495885103
v 0.199120432 -0.32135248 0.496955096
v 0.198987931 -0.34768486 0.496583670
v 0.198219746 -0.36649498 0.472817331
v 0.122603684 -0.36568168 0.442138165
v 0.122028321 -0.34620151 0.418912172
v 0.047654628 -0.28540555 0.421905100
v -0.28573793 -0.21028633 0.512400209
v -0.28592587 -0.24763693 0.511873483
v -0.32345527 -0.28481463 0.512416601
v -0.36081636 -0.28463101 0.512740433
v -0.32362741 -0.31898478 0.511934518
v -0.36164707 -0.32147315 0.512186527
v -0.36228961 -0.35829806 0.510876834
v -0.39919609 -0.35863721 0.511927247
v -0.35043979 -0.3694503 0.486721456
v -0.37396514 -0.39624184 0.510669827
v -0.35320848 -0.39911166 0.488390356
v -0.40222633 -0.3964816 0.511474371
v -0.43589139 -0.35897434 0.512971401
v -0.43607932 -0.39632493 0.512444675
v -0.40241748 -0.43383214 0.510947585
v -0.43535125 -0.43281201 0.511903941
v -0.37636763 -0.43395284 0.510201096
v -0.35334688 -0.43375996 0.488108575
v -0.35415792 -0.39841664 0.455162644
v -0.35430628 -0.43328437 0.454560518
v -0.37386328 -0.39523095 0.430788517
v -0.37596369 -0.4328309 0.430312693
v -0.35445923 -0.47083047 0.454137772
v -0.37618709 -0.47023511 0.429785877
v -0.35350657 -0.4707762 0.487362980
v -0.37650788 -0.46782994 0.509722292
v -0.40188193 -0.46696573 0.510460197
v -0.43278289 -0.46735784 0.511337995
v -0.47495049 -0.43275329 0.513036668
v -0.4606064 -0.45631835 0.512290835
v -0.50943995 -0.42332116 0.514157295
v -0.52428204 -0.44764313 0.497369349
v -0.49825865 -0.46033677 0.497780382
v -0.47234571 -0.47140136 0.494356393
v -0.45003843 -0.48338974 0.492112606
v -0.42131948 -0.4888846 0.510054409
v -0.42853451 -0.49872869 0.489691376
v -0.39953285 -0.4929097 0.510023295
v -0.37618655 -0.4911353 0.509381115
v -0.35354185 -0.50985944 0.491264402
v -0.35460043 -0.50866377 0.454163759
v -0.3767159 -0.50527298 0.429301708
v -0.40467215 -0.47049856 0.430596679
v -0.40403086 -0.43269783 0.431116998
v -0.4059931 -0.50784934 0.430102080
v -0.4038142 -0.39534765 0.431643009
v -0.43854922 -0.43253806 0.432106167
v -0.43836123 -0.39518747 0.432632952
v -0.4383626 -0.46757844 0.431601345
v -0.43881327 -0.49726558 0.431191295
v -0.41489762 -0.52195495 0.457643777
v -0.43857914 -0.50538975 0.459494322
v -0.37980932 -0.53153199 0.429015964
v -0.39591461 -0.53037047 0.429963082
v -0.39672166 -0.53590471 0.454323709
v -0.38385028 -0.54329693 0.458769738
v -0.37687773 -0.53597945 0.479392111
v -0.39961469 -0.51609451 0.489317834
v -0.39066774 -0.5291149 0.474955439
v -0.4585225 -0.49195585 0.461052954
v -0.48112112 -0.47770628 0.462013512
v -0.50395918 -0.46416903 0.461762249
v -0.52721715 -0.44978371 0.461041361
v -0.51477391 -0.43166602 0.434297889
v -0.50217837 -0.4569664 0.433577209
v -0.472745 -0.46790758 0.432579755
v -0.46222544 -0.49228063 0.43260023
v -0.47567785 -0.4321568 0.433173000
v -0.47570008 -0.39501455 0.433703005
v -0.51319498 -0.39499617 0.434775263
v -0.54895622 -0.42132089 0.435422509
v -0.5497852 -0.39180025 0.435867041
v -0.55256927 -0.43278545 0.461554676
v -0.55019021 -0.35731837 0.436370015
v -0.53604758 -0.41607615 0.515021324
v -0.39838958 0.127547055 0.438939690
v -0.3982017 0.164897590 0.439466595
v -0.77081394 -0.13331568 0.525762915
v -0.73347497 -0.13348854 0.524692893
v -0.244892 0.484954685 0.521140456
v -0.20755619 0.484658539 0.519367456
v -0.24546796 0.504429996 0.497925072
v -0.20811713 0.504258513 0.496768236
v 1.021312832 -0.17898493 0.475477278
v 1.058651685 -0.17915775 0.474407225
v 1.096366643 -0.10462952 0.474391043
v 1.133705735 -0.10480236 0.473320990
v 1.096554637 -0.067279 0.474917918
v 1.133893728 -0.06745179 0.473847895
v 1.171044588 -0.10497522 0.472251087
v 1.171232581 -0.06762465 0.472777873
v 1.171420574 -0.03027412 0.473304748
v 1.171608567 0.007076379 0.473831862
v 1.208759307 -0.03044693 0.472234726
v 1.208947420 0.006903546 0.472761809
v 1.208571434 -0.0677975 0.471707910
v 1.208383679 -0.10514805 0.471180975
v 1.245722532 -0.10532089 0.470111072
v 1.245910406 -0.06797033 0.470637977
v 1.245534539 -0.14267141 0.469584077
v 1.246098518 -0.03061979 0.471164763
v 1.246286392 0.006730713 0.471691876
v 1.209135532 0.044254072 0.473288685
v 1.171796560 0.044426903 0.474358737
v 1.246474266 0.044081255 0.472218662
v 1.246662378 0.081431783 0.472745537
v 1.283813238 0.043908424 0.471148699
v 1.284001231 0.081258945 0.471675515
v 1.283625125 0.006557889 0.470621824
v 1.283437490 -0.03079262 0.470094680
v 1.283249259 -0.06814316 0.469567894
v 1.283061265 -0.10549368 0.469041049
v 1.282873392 -0.14284423 0.468514025
v 1.320212483 -0.14301704 0.467444062
v 1.320400238 -0.10566651 0.467971056
v 1.320588231 -0.06831599 0.468497872
v 1.320776224 -0.03096545 0.469024688
v 1.320964098 0.006385056 0.469551861
v 1.321152210 0.043735586 0.470078647
v 1.321340203 0.081086114 0.470605433
v 1.284189224 0.118609443 0.472202420
v 1.246850490 0.118782281 0.473272442
v 1.321528196 0.118436612 0.471132367
v 1.247038364 0.156132802 0.473799437
v 1.284377336 0.155959978 0.472729414
v 1.321716189 0.155787140 0.471659421
v 1.358867287 0.118263781 0.470062375
v 1.359055280 0.155614331 0.470589399
v 1.358679294 0.080913282 0.46953547
v 1.358491182 0.043562755 0.469008654
v 1.358303308 0.006212214 0.468481779
v 1.358115196 -0.03113828 0.467954695
v 1.357927203 -0.06848882 0.467427879
v 1.357739210 -0.10583937 0.466901034
v 1.357551336 -0.14318989 0.466374039
v 1.395266056 -0.06866165 0.466357886
v 1.395454287 -0.03131112 0.466884672
v 1.395642042 0.006039391 0.467411845
v 1.395830273 0.043389923 0.467938661
v 1.396018028 0.080740451 0.468465447
v 1.396206140 0.118090964 0.468992412
v 1.396394014 0.155441492 0.469519436
v 1.359243273 0.192964866 0.471116244
v 1.321904182 0.193137735 0.472186297
v 1.396582245 0.192792043 0.470046311
v 1.322092175 0.230488225 0.472713142
v 1.359431028 0.230315387 0.471643149
v 1.396770238 0.230142533 0.470573157
v 1.433921098 0.192619204 0.468976229
v 1.434109091 0.229969754 0.469503134
v 1.433732986 0.155268684 0.468449413
v 1.433545112 0.117918133 0.467922329
v 1.433357000 0.080567628 0.467395484
v 1.433169245 0.043217092 0.466868668
v 1.432981014 0.005866563 0.466341793
v 1.471072793 0.080767929 0.466320008
v 1.469785928 0.117750413 0.466883868
v 1.469741344 0.155101984 0.467417508
v 1.471451282 0.192935407 0.467907756
v 1.471447944 0.229796901 0.468433111
v 1.434297084 0.267320305 0.470030039
v 1.396957993 0.267493069 0.471100062
v 1.471956491 0.266971856 0.468948483
v 1.359619140 0.267665952 0.472170144
v 1.322280407 0.267838776 0.473240137
v 1.397146225 0.304843664 0.471626967
v 1.434485197 0.304670810 0.470556974
v 1.470708370 0.304503172 0.469518959
v 1.504187345 0.266543388 0.468020856
v 1.502066373 0.304185032 0.468617856
v 1.505672931 0.229954004 0.467456877
v 1.503352403 0.19358854 0.467005044
v 1.50121665 0.155454188 0.466522634
v 1.528316736 0.230063751 0.464858412
v 1.526933431 0.266385227 0.464960277
v 1.524482488 0.304116189 0.465555906
v 1.522869348 0.342061668 0.466507583
v 1.499195694 0.341756492 0.46923545
v 1.470453500 0.341855734 0.47005862
v 1.434673070 0.342021286 0.471083998
v 1.397333979 0.34219414 0.472153902
v 1.397521853 0.379544675 0.472680807
v 1.434861183 0.379371911 0.471610784
v 1.469852447 0.379209935 0.470608085
v 1.497122049 0.379181653 0.469828009
v 1.520043849 0.379375577 0.464846253
v 1.542309522 0.342118054 0.444592028
v 1.541423559 0.379555374 0.444298505
v 1.542180061 0.304487019 0.444914519
v 1.543879866 0.379669249 0.412238508
v 1.544059515 0.417048126 0.412479579
v 1.541230917 0.417106807 0.444359511
v 1.518284797 0.416830003 0.463309139
v 1.495480418 0.416513115 0.470406979
v 1.469548344 0.416562736 0.471149027
v 1.469471097 0.450660258 0.471637308
v 1.494873285 0.450730085 0.470912009
v 1.516475677 0.453953176 0.460777074
v 1.540849208 0.453150123 0.443473845
v 1.544233322 0.452998906 0.412768632
v 1.529638171 0.451550692 0.390036791
v 1.529407024 0.474976748 0.390377223
v 1.540424823 0.485416948 0.411151737
v 1.534575939 0.478804647 0.437663942
v 1.508752822 0.488863349 0.450744569
v 1.494471669 0.474953353 0.470227479
v 1.469551205 0.477025419 0.472010672
v 1.509084701 0.496771216 0.414858669
s 0
g Front
f 760 769 757 758
f 1099 1100 1098 1097
f 1101 1099 1097 1096
f 1102 1101 1096 1095
f 1103 1102 1095 1093
f 1104 1103 1093 1092
f 1105 1104 1092 1094
f 1108 1105 1094 1106
f 1125 1108 1106 1124
f 1126 1127 1105 1108
f 1128 1126 1108 1125
f 1127 1129 1104 1105
f 1129 1130 1103 1104
f 1130 1131 1102 1103
f 1131 1132 1101 1102
f 1133 1134 1132 1131
f 1135 1133 1131 1130
f 1136 1135 1130 1129
f 1137 1136 1129 1127
f 1138 1137 1127 1126
f 1139 1138 1126 1128
f 1140 1128 1125 1141
f 1142 1139 1128 1140
f 1141 1125 1124 1143
f 1157 1141 1143 1156
f 1158 1140 1141 1157
f 1159 1142 1140 1158
f 1176 1159 1158 1177
f 1177 1158 1157 1178
f 1178 1157 1156 1179
f 1189 1178 1179 1188
f 1190 1177 1178 1189
f 1191 1176 1177 1190
f 1212 1191 1190 1213
f 1213 1190 1189 1214
f 1214 1189 1188 1215
f 1221 1214 1215 1220
f 1222 1213 1214 1221
f 1223 1212 1213 1222
f 1248 1223 1222 1249
f 1249 1222 1221 1250
f 1250 1221 1220 1251
f 1252 1250 1251 1253
f 1254 1249 1250 1252
f 1255 1248 1249 1254
f 1284 1255 1254 1285
f 1286 1284 1285 1288
f 1938 1939 1937 1936
f 1940 1938 1936 1935
f 1940 1935 1934 1941
f 1941 1934 1933 1932
f 1931 1942 1941 1932
f 1929 1928 1943 1942
f 1928 1927 1944 1943
f 1927 1926 1945 1944
f 1926 1924 1946 1945
f 1950 1957 1958 1959
f 1947 1950 1959 1960
f 1946 1947 1960 1961
f 1945 1946 1961 1939
f 1939 1961 1962 1937
f 1944 1945 1939 1938
f 1961 1960 1963 1962
f 1960 1959 1965 1963
f 1959 1958 1966 1965
f 1958 1967 1968 1966
f 1957 1969 1967 1958
f 1969 1988 1989 1967
f 1967 1989 1990 1968
f 1989 2002 2001 1990
f 1988 2003 2002 1989
f 2003 2020 2021 2002
f 2002 2021 2022 2001
f 2021 2038 2037 2022
f 2020 2039 2038 2021
f 2039 2050 2051 2038
f 2038 2051 2052 2037
f 2051 2072 2071 2052
f 2050 2073 2072 2051
f 2073 2080 2081 2072
f 2072 2081 2082 2071
f 2081 2106 2105 2082
f 2080 2107 2106 2081
f 2109 2110 2106 2107
f 2106 2110 2112 2105
f 2110 2140 2139 2112
f 2140 2143 2141 2139
f 2974 2972 2971 2973
f 2973 2971 2970 2975
f 2976 2975 2970 2969
f 2977 2976 2969 2967
f 2978 2977 2967 2966
f 2979 2978 2966 2968
f 2982 2979 2968 2980
f 2993 2982 2980 2992
f 2994 2995 2979 2982
f 2996 2994 2982 2993
f 2995 2997 2978 2979
f 2997 2998 2977 2978
f 2998 2999 2976 2977
f 2999 3000 2975 2976
f 3000 3001 2973 2975
f 3002 3003 3001 3000
f 3004 3002 3000 2999
f 3005 3004 2999 2998
f 3006 3005 2998 2997
f 3007 3006 2997 2995
f 3008 3007 2995 2994
f 3009 3008 2994 2996
f 3010 2996 2993 3011
f 3012 3009 2996 3010
f 3011 2993 2992 3013
f 3021 3011 3013 3020
f 3022 3010 3011 3021
f 3023 3012 3010 3022
f 3044 3023 3022 3045
f 3045 3022 3021 3046
f 3046 3021 3020 3047
f 3050 3046 3047 3049
f 3051 3045 3046 3050
f 3052 3044 3045 3051
f 3079 3052 3051 3080
f 3081 3079 3080 3083
f 1134 3608 3609 1132
f 3608 3081 3083 3609
f 3609 3083 1100 1099
f 1132 3609 1099 1101
f 3083 3080 3610 1100
f 1100 3610 3611 1098
f 3610 3050 3049 3611
f 3080 3051 3050 3610
f 3003 3619 3621 3001
f 3001 3621 2974 2973
f 2143 1252 1253 2141
f 1285 1254 1252 2143
f 1288 1285 2143 2140
f 1288 2140 2110 2109
f 2111 1286 1288 2109
f 1943 1944 1938 1940
f 1942 1943 1940 1941
g Right
f 1704 1678 1675 1705
f 1706 1703 1678 1704
f 1709 1707 1703 1706
f 1734 1733 1707 1709
f 1738 1739 1733 1734
f 1764 1763 1739 1738
f 1770 1772 1763 1764
f 1794 1793 1772 1770
f 1803 1804 1793 1794
f 1824 1823 1804 1803
f 1835 1836 1823 1824
f 1854 1853 1836 1835
f 1867 1868 1853 1854
f 1884 1883 1868 1867
f 1899 1900 1883 1884
f 1914 1913 1900 1899
f 1931 1932 1913 1914
f 3786 1704 1705 3787
f 1735 1706 1704 3786
f 1705 1675 1673 3801
f 3801 1673 1674 3799
f 3799 1674 3802 3800
f 3800 3802 3803 3804
f 3804 3803 3812 3811
f 3812 3815 3816 3811
g Back
f 15 16 7 9
f 16 18 8 7
f 26 15 17 25
f 26 28 16 15
f 28 29 18 16
f 41 42 26 25
f 42 43 28 26
f 43 44 29 28
f 60 61 42 41
f 61 62 43 42
f 62 63 44 43
f 82 61 60 81
f 82 83 62 61
f 83 84 63 62
f 105 82 81 104
f 105 106 83 82
f 106 107 84 83
f 131 132 105 104
f 132 134 106 105
f 135 107 106 134
f 137 135 134 136
f 138 136 134 132
f 139 138 132 131
f 813 812 137 136
f 814 815 812 813
f 843 842 815 814
f 844 845 842 843
f 1528 1539 1538 1529
f 1527 1540 1539 1528
f 1526 1541 1540 1527
f 1525 1542 1541 1526
f 1523 1543 1542 1525
f 1522 1544 1543 1523
f 1524 1545 1544 1522
f 1546 1547 1545 1524
f 1551 1553 1547 1546
f 1547 1554 1555 1545
f 1553 1556 1554 1547
f 1545 1555 1557 1544
f 1544 1557 1558 1543
f 1543 1558 1559 1542
f 1542 1559 1560 1541
f 1541 1560 1561 1540
f 1540 1561 1562 1539
f 1539 1562 1563 1538
f 1538 1563 1564 1537
f 1537 1564 1565 1536
f 1536 1565 1566 1534
f 1565 1567 1568 1566
f 1564 1569 1567 1565
f 1563 1570 1569 1564
f 1562 1571 1570 1563
f 1561 1572 1571 1562
f 1560 1573 1572 1561
f 1559 1574 1573 1560
f 1558 1575 1574 1559
f 1557 1576 1575 1558
f 1555 1577 1576 1557
f 1554 1578 1577 1555
f 1556 1579 1578 1554
f 1580 1581 1579 1556
f 1582 1580 1556 1553
f 2349 2347 2346 2350
f 2351 2348 2347 2349
f 2350 2346 2345 2352
f 2352 2345 2353 2354
f 2354 2353 2375 2376
f 2377 2354 2376 2378
f 2379 2352 2354 2377
f 2380 2350 2352 2379
f 2381 2379 2377 2382
f 2383 2380 2379 2381
f 2382 2377 2378 2384
f 2378 2376 2385 2386
f 2384 2378 2386 2387
f 2376 2375 2388 2385
f 2385 2388 2405 2406
f 2386 2385 2406 2407
f 2387 2386 2407 2408
f 2408 2407 2420 2417
f 2407 2406 2421 2420
f 2406 2405 2422 2421
f 2421 2422 2435 2436
f 2420 2421 2436 2437
f 2417 2420 2437 2438
f 2437 2436 2455 2454
f 2436 2435 2456 2455
f 2455 2456 2465 2466
f 2454 2455 2466 2467
f 2467 2466 2489 2488
f 2466 2465 2490 2489
f 2489 2490 2494 2496
f 2488 2489 2496 2497
f 2497 2496 2523 2522
f 2496 2494 2524 2523
f 2523 2524 2525 2526
f 2522 2523 2526 2527
f 2527 2526 844 2556
f 2556 844 843 2557
f 3358 3359 2380 2383
f 3357 3360 3359 3358
f 3356 3361 3360 3357
f 3355 3362 3361 3356
f 3354 3363 3362 3355
f 3353 3364 3363 3354
f 3352 3365 3364 3353
f 3350 3366 3365 3352
f 3349 3367 3366 3350
f 3351 3368 3367 3349
f 3369 3370 3368 3351
f 3377 3378 3370 3369
f 3370 3379 3380 3368
f 3378 3381 3379 3370
f 3368 3380 3382 3367
f 3367 3382 3383 3366
f 3366 3383 3384 3365
f 3365 3384 3385 3364
f 3364 3385 3386 3363
f 3363 3386 3387 3362
f 3362 3387 3388 3361
f 3361 3388 2351 3360
f 3360 2351 2349 3359
f 3388 3389 2348 2351
f 3387 3390 3389 3388
f 3386 3391 3390 3387
f 3385 3392 3391 3386
f 3384 3393 3392 3385
f 3383 3394 3393 3384
f 3382 3395 3394 3383
f 3380 3396 3395 3382
f 3379 3397 3396 3380
f 3381 3398 3397 3379
f 3399 3400 3398 3381
f 3401 3399 3381 3378
f 3402 3401 3378 3377
f 3405 3406 3399 3401
f 3406 3407 3400 3399
f 3431 3429 3407 3406
f 1535 3431 3406 3405
f 1566 1568 3429 3431
f 1534 1566 3431 1535
f 3359 2349 2350 2380
f 3622 3623 3621 3619
f 3629 3630 3623 3622
f 3623 3631 2974 3621
f 3630 3632 3631 3623
f 3633 2972 2974 3631
f 3632 3634 3633 3631
f 3635 3636 3634 3632
f 3637 3635 3632 3630
f 3638 3637 3630 3629
f 3651 3652 3637 3638
f 3653 3635 3637 3652
f 3654 3636 3635 3653
f 3669 3668 3653 3652
f 3692 3694 138 139
f 3695 814 813 3694
f 2557 843 814 3695
f 3694 813 136 138
f 2526 2525 845 844
f 3819 1582 1553 1551
f 3820 1580 1582 3817
f 3816 3815 3820 3817
f 3814 1612 3820 3815
f 1612 1581 1580 3820
g Top
f 15 9 13 17
f 17 13 14 24
f 25 17 24 27
f 27 24 37 38
f 39 27 38 40
f 41 25 27 39
f 38 37 54 55
f 40 38 55 56
f 57 40 56 58
f 59 39 40 57
f 60 41 39 59
f 56 55 74 75
f 58 56 75 76
f 77 58 76 78
f 79 57 58 77
f 80 59 57 79
f 60 59 80 81
f 74 72 73 75
f 73 95 96 75
f 76 75 96 97
f 78 76 97 98
f 99 78 98 100
f 101 77 78 99
f 102 79 77 101
f 80 79 102 103
f 81 80 103 104
f 96 95 119 97
f 119 120 121 97
f 98 97 121 122
f 100 98 122 123
f 124 100 123 125
f 126 99 100 124
f 127 101 99 126
f 128 102 101 127
f 129 103 102 128
f 104 103 129 130
f 131 104 130 133
f 139 131 133 140
f 133 130 142 141
f 143 140 133 141
f 142 130 129 144
f 144 129 128 145
f 145 128 127 146
f 146 127 126 147
f 147 126 124 148
f 148 124 125 149
f 125 123 150 151
f 149 125 151 152
f 123 122 153 150
f 150 153 154 155
f 151 150 155 156
f 152 151 156 157
f 158 152 157 159
f 160 149 152 158
f 161 148 149 160
f 162 147 148 161
f 163 146 147 162
f 164 145 146 163
f 165 144 145 164
f 166 142 144 165
f 167 141 142 166
f 168 143 141 167
f 169 170 140 143
f 171 169 143 168
f 172 168 167 173
f 174 171 168 172
f 173 167 166 175
f 175 166 165 176
f 176 165 164 177
f 177 164 163 178
f 178 163 162 179
f 179 162 161 180
f 180 161 160 181
f 181 160 158 182
f 182 158 159 183
f 159 157 184 185
f 183 159 185 186
f 157 156 187 184
f 184 187 188 189
f 185 184 189 190
f 186 185 190 191
f 192 186 191 193
f 194 183 186 192
f 195 182 183 194
f 196 181 182 195
f 197 180 181 196
f 198 179 180 197
f 199 178 179 198
f 200 177 178 199
f 201 176 177 200
f 202 175 176 201
f 203 173 175 202
f 204 202 201 205
f 206 203 202 204
f 205 201 200 207
f 207 200 199 208
f 208 199 198 209
f 209 198 197 210
f 210 197 196 211
f 211 196 195 212
f 212 195 194 213
f 213 194 192 214
f 214 192 193 215
f 193 191 216 217
f 215 193 217 218
f 191 190 219 216
f 190 189 220 219
f 219 220 221 222
f 216 219 222 223
f 217 216 223 224
f 218 217 224 225
f 226 218 225 227
f 228 215 218 226
f 229 214 215 228
f 230 213 214 229
f 231 212 213 230
f 232 211 212 231
f 233 210 211 232
f 234 209 210 233
f 235 208 209 234
f 236 207 208 235
f 237 205 207 236
f 238 236 235 239
f 240 237 236 238
f 239 235 234 241
f 241 234 233 242
f 242 233 232 243
f 243 232 231 244
f 244 231 230 245
f 245 230 229 246
f 246 229 228 247
f 247 228 226 248
f 248 226 227 249
f 227 225 250 251
f 249 227 251 252
f 225 224 253 250
f 250 253 254 255
f 251 250 255 256
f 252 251 256 257
f 258 252 257 259
f 260 249 252 258
f 261 248 249 260
f 262 247 248 261
f 263 246 247 262
f 264 245 246 263
f 265 244 245 264
f 266 243 244 265
f 267 242 243 266
f 268 241 242 267
f 269 239 241 268
f 270 268 267 271
f 272 269 268 270
f 271 267 266 273
f 273 266 265 274
f 274 265 264 275
f 275 264 263 276
f 276 263 262 277
f 277 262 261 278
f 278 261 260 279
f 279 260 258 280
f 280 258 259 281
f 259 257 282 283
f 281 259 283 284
f 257 256 285 282
f 256 255 286 285
f 285 286 287 288
f 282 285 288 289
f 283 282 289 290
f 284 283 290 291
f 292 284 291 293
f 294 281 284 292
f 295 280 281 294
f 296 279 280 295
f 297 278 279 296
f 298 277 278 297
f 299 276 277 298
f 300 275 276 299
f 301 274 275 300
f 302 273 274 301
f 303 271 273 302
f 304 302 301 305
f 306 303 302 304
f 305 301 300 307
f 307 300 299 308
f 308 299 298 309
f 309 298 297 310
f 310 297 296 311
f 311 296 295 312
f 312 295 294 313
f 313 294 292 314
f 314 292 293 315
f 293 291 316 317
f 315 293 317 318
f 291 290 319 316
f 316 319 320 321
f 317 316 321 322
f 318 317 322 323
f 324 318 323 325
f 326 315 318 324
f 327 314 315 326
f 328 313 314 327
f 329 312 313 328
f 330 311 312 329
f 331 310 311 330
f 332 309 310 331
f 333 308 309 332
f 334 307 308 333
f 335 305 307 334
f 336 334 333 337
f 338 335 334 336
f 337 333 332 339
f 339 332 331 340
f 340 331 330 341
f 341 330 329 342
f 342 329 328 343
f 343 328 327 344
f 344 327 326 345
f 345 326 324 346
f 324 325 347 346
f 323 348 349 325
f 325 349 350 347
f 323 322 351 348
f 322 321 352 351
f 351 352 353 354
f 348 351 354 355
f 349 348 355 356
f 349 356 357 350
f 347 350 360 362
f 346 347 362 363
f 345 346 363 364
f 365 344 345 364
f 366 343 344 365
f 367 342 343 366
f 368 341 342 367
f 369 340 341 368
f 370 339 340 369
f 371 369 368 372
f 373 370 369 371
f 372 368 367 374
f 374 367 366 375
f 375 366 365 376
f 376 365 364 377
f 364 363 378 377
f 363 362 379 378
f 379 362 380 381
f 357 356 386 358
f 379 381 395 378
f 398 377 397 399
f 376 377 398 400
f 375 376 400 401
f 374 375 401 402
f 403 372 374 402
f 402 401 405 404
f 406 403 402 404
f 401 400 407 405
f 660 654 657 187
f 657 659 188 187
f 653 654 660 155
f 122 121 661 153
f 156 155 660 187
f 188 659 662 189
f 662 667 220 189
f 223 222 676 682
f 253 682 684 254
f 224 223 682 253
f 255 254 692 286
f 732 713 715 730
f 289 288 713 732
f 319 732 730 320
f 290 289 732 319
f 320 730 731 733
f 352 733 749 353
f 321 320 733 352
f 353 749 750 751
f 750 747 748 751
f 773 751 754 772
f 354 353 751 773
f 774 773 772 775
f 354 773 774 355
f 772 771 766 775
f 774 775 776 777
f 355 774 777 356
f 1142 1160 1161 1139
f 1159 1162 1160 1142
f 1139 1161 1163 1138
f 1138 1163 1164 1137
f 1137 1164 1165 1136
f 1136 1165 1166 1135
f 1165 1167 1168 1166
f 1164 1169 1167 1165
f 1163 1170 1169 1164
f 1161 1171 1170 1163
f 1160 1172 1171 1161
f 1162 1173 1172 1160
f 1174 1175 1173 1162
f 1176 1174 1162 1159
f 1191 1192 1174 1176
f 1192 1193 1175 1174
f 1175 1194 1195 1173
f 1193 1196 1194 1175
f 1173 1195 1197 1172
f 1172 1197 1198 1171
f 1171 1198 1199 1170
f 1170 1199 1200 1169
f 1199 1201 1202 1200
f 1198 1203 1201 1199
f 1197 1204 1203 1198
f 1195 1205 1204 1197
f 1194 1206 1205 1195
f 1196 1207 1206 1194
f 1208 1209 1207 1196
f 1210 1208 1196 1193
f 1211 1210 1193 1192
f 1212 1211 1192 1191
f 1223 1224 1211 1212
f 1224 1225 1210 1211
f 1225 1226 1208 1210
f 1226 1227 1209 1208
f 1209 1228 1229 1207
f 1227 1230 1228 1209
f 1207 1229 1231 1206
f 1206 1231 1232 1205
f 1205 1232 1233 1204
f 1204 1233 1234 1203
f 1233 1235 1236 1234
f 1232 1237 1235 1233
f 1231 1238 1237 1232
f 1229 1239 1238 1231
f 1228 1240 1239 1229
f 1230 1241 1240 1228
f 1242 1243 1241 1230
f 1244 1242 1230 1227
f 1245 1244 1227 1226
f 1246 1245 1226 1225
f 1247 1246 1225 1224
f 1248 1247 1224 1223
f 1255 1256 1247 1248
f 1256 1257 1246 1247
f 1257 1258 1245 1246
f 1258 1259 1244 1245
f 1259 1260 1242 1244
f 1260 1261 1243 1242
f 1243 1262 1263 1241
f 1261 1264 1262 1243
f 1241 1263 1265 1240
f 1240 1265 1266 1239
f 1239 1266 1267 1238
f 1238 1267 1268 1237
f 1267 1269 1270 1268
f 1266 1271 1269 1267
f 1265 1272 1271 1266
f 1263 1273 1272 1265
f 1262 1274 1273 1263
f 1264 1275 1274 1262
f 1276 1277 1275 1264
f 1278 1276 1264 1261
f 1279 1278 1261 1260
f 1280 1279 1260 1259
f 1281 1280 1259 1258
f 1282 1281 1258 1257
f 1283 1282 1257 1256
f 1284 1283 1256 1255
f 1286 1287 1283 1284
f 1287 1289 1282 1283
f 1289 1290 1281 1282
f 1290 1291 1280 1281
f 1291 1292 1279 1280
f 1292 1293 1278 1279
f 1293 1294 1276 1278
f 1294 1295 1277 1276
f 1277 1296 1297 1275
f 1295 1298 1296 1277
f 1275 1297 1299 1274
f 1274 1299 1300 1273
f 1273 1300 1301 1272
f 1272 1301 1302 1271
f 1301 1303 1304 1302
f 1300 1305 1303 1301
f 1299 1306 1305 1300
f 1297 1307 1306 1299
f 1296 1308 1307 1297
f 1298 1309 1308 1296
f 1310 1311 1309 1298
f 1312 1310 1298 1295
f 1313 1312 1295 1294
f 1314 1313 1294 1293
f 1315 1314 1293 1292
f 1316 1315 1292 1291
f 1317 1316 1291 1290
f 1318 1317 1290 1289
f 1319 1318 1289 1287
f 1320 1321 1317 1318
f 1322 1320 1318 1319
f 1321 1323 1316 1317
f 1323 1324 1315 1316
f 1324 1325 1314 1315
f 1325 1326 1313 1314
f 1326 1327 1312 1313
f 1327 1328 1310 1312
f 1328 1329 1311 1310
f 1311 1330 1331 1309
f 1329 1332 1330 1311
f 1309 1331 1333 1308
f 1308 1333 1334 1307
f 1307 1334 1335 1306
f 1334 1336 1337 1335
f 1333 1338 1336 1334
f 1331 1339 1338 1333
f 1330 1340 1339 1331
f 1332 1341 1340 1330
f 1342 1343 1341 1332
f 1344 1342 1332 1329
f 1345 1344 1329 1328
f 1346 1345 1328 1327
f 1347 1346 1327 1326
f 1348 1347 1326 1325
f 1349 1348 1325 1324
f 1350 1349 1324 1323
f 1351 1350 1323 1321
f 1352 1353 1349 1350
f 1354 1352 1350 1351
f 1353 1355 1348 1349
f 1355 1356 1347 1348
f 1356 1357 1346 1347
f 1357 1358 1345 1346
f 1358 1359 1344 1345
f 1359 1360 1342 1344
f 1360 1361 1343 1342
f 1343 1362 1363 1341
f 1361 1364 1362 1343
f 1341 1363 1365 1340
f 1340 1365 1366 1339
f 1339 1366 1367 1338
f 1338 1367 1368 1336
f 1367 1369 1370 1368
f 1366 1371 1369 1367
f 1365 1372 1371 1366
f 1363 1373 1372 1365
f 1362 1374 1373 1363
f 1364 1375 1374 1362
f 1376 1377 1375 1364
f 1378 1376 1364 1361
f 1379 1378 1361 1360
f 1380 1379 1360 1359
f 1381 1380 1359 1358
f 1382 1381 1358 1357
f 1383 1382 1357 1356
f 1384 1383 1356 1355
f 1385 1386 1382 1383
f 1387 1385 1383 1384
f 1386 1388 1381 1382
f 1388 1389 1380 1381
f 1389 1390 1379 1380
f 1390 1391 1378 1379
f 1391 1392 1376 1378
f 1392 1393 1377 1376
f 1377 1394 1395 1375
f 1393 1396 1394 1377
f 1375 1395 1397 1374
f 1374 1397 1398 1373
f 1373 1398 1399 1372
f 1372 1399 1400 1371
f 1371 1400 1401 1369
f 1400 1402 1403 1401
f 1399 1404 1402 1400
f 1398 1405 1404 1399
f 1397 1406 1405 1398
f 1395 1407 1406 1397
f 1394 1408 1407 1395
f 1396 1409 1408 1394
f 1410 1411 1409 1396
f 1412 1410 1396 1393
f 1413 1412 1393 1392
f 1414 1413 1392 1391
f 1415 1414 1391 1390
f 1416 1415 1390 1389
f 1417 1416 1389 1388
f 1418 1419 1415 1416
f 1420 1418 1416 1417
f 1419 1421 1414 1415
f 1421 1422 1413 1414
f 1422 1423 1412 1413
f 1423 1424 1410 1412
f 1424 1425 1411 1410
f 1411 1426 1427 1409
f 1425 1428 1426 1411
f 1409 1427 1429 1408
f 1408 1429 1430 1407
f 1407 1430 1431 1406
f 1406 1431 1432 1405
f 1405 1432 1433 1404
f 1404 1433 1434 1402
f 1433 1435 1436 1434
f 1432 1437 1435 1433
f 1431 1438 1437 1432
f 1430 1439 1438 1431
f 1429 1440 1439 1430
f 1427 1441 1440 1429
f 1426 1442 1441 1427
f 1428 1443 1442 1426
f 1444 1445 1443 1428
f 1446 1444 1428 1425
f 1447 1446 1425 1424
f 1448 1447 1424 1423
f 1449 1448 1423 1422
f 1450 1449 1422 1421
f 1451 1452 1448 1449
f 1453 1451 1449 1450
f 1452 1454 1447 1448
f 1454 1455 1446 1447
f 1455 1456 1444 1446
f 1456 1457 1445 1444
f 1445 1458 1459 1443
f 1457 1460 1458 1445
f 1443 1459 1461 1442
f 1442 1461 1462 1441
f 1441 1462 1463 1440
f 1440 1463 1464 1439
f 1439 1464 1465 1438
f 1438 1465 1466 1437
f 1437 1466 1467 1435
f 1466 1468 1469 1467
f 1465 1470 1468 1466
f 1464 1471 1470 1465
f 1463 1472 1471 1464
f 1462 1473 1472 1463
f 1461 1474 1473 1462
f 1459 1475 1474 1461
f 1458 1476 1475 1459
f 1460 1477 1476 1458
f 1478 1479 1477 1460
f 1480 1478 1460 1457
f 1481 1480 1457 1456
f 1482 1481 1456 1455
f 1483 1482 1455 1454
f 1484 1485 1481 1482
f 1486 1484 1482 1483
f 1485 1487 1480 1481
f 1487 1488 1478 1480
f 1488 1489 1479 1478
f 1479 1490 1491 1477
f 1489 1492 1490 1479
f 1477 1491 1493 1476
f 1476 1493 1494 1475
f 1475 1494 1495 1474
f 1474 1495 1496 1473
f 1473 1496 1497 1472
f 1472 1497 1498 1471
f 1471 1498 1499 1470
f 1470 1499 1500 1468
f 1499 1501 1502 1500
f 1498 1503 1501 1499
f 1497 1504 1503 1498
f 1496 1505 1504 1497
f 1495 1506 1505 1496
f 1494 1507 1506 1495
f 1493 1508 1507 1494
f 1491 1509 1508 1493
f 1490 1510 1509 1491
f 1492 1511 1510 1490
f 1512 1513 1511 1492
f 1514 1512 1492 1489
f 1515 1514 1489 1488
f 1516 1515 1488 1487
f 1517 1518 1514 1515
f 1519 1517 1515 1516
f 1518 1520 1512 1514
f 1520 1521 1513 1512
f 1513 1522 1523 1511
f 1521 1524 1522 1513
f 1511 1523 1525 1510
f 1510 1525 1526 1509
f 1509 1526 1527 1508
f 1508 1527 1528 1507
f 1507 1528 1529 1506
f 1506 1529 1530 1505
f 1505 1530 1531 1504
f 1504 1531 1532 1503
f 1503 1532 1533 1501
f 1548 1546 1524 1521
f 1549 1548 1521 1520
f 1550 1551 1546 1548
f 1552 1550 1548 1549
f 1766 1740 1737 1767
f 1740 1766 1768 1765
f 1769 1770 1764 1765
f 1769 1765 1768 1771
f 1795 1794 1770 1769
f 1795 1769 1771 1796
f 1771 1768 1797 1798
f 1796 1771 1798 1799
f 1800 1796 1799 1801
f 1802 1795 1796 1800
f 1802 1803 1794 1795
f 1825 1824 1803 1802
f 1825 1802 1800 1826
f 1826 1800 1801 1827
f 1801 1799 1828 1829
f 1827 1801 1829 1830
f 1831 1827 1830 1832
f 1833 1826 1827 1831
f 1834 1825 1826 1833
f 1834 1835 1824 1825
f 1855 1854 1835 1834
f 1855 1834 1833 1856
f 1856 1833 1831 1857
f 1857 1831 1832 1858
f 1832 1830 1859 1860
f 1858 1832 1860 1861
f 1862 1858 1861 1863
f 1864 1857 1858 1862
f 1865 1856 1857 1864
f 1866 1855 1856 1865
f 1866 1867 1854 1855
f 1885 1884 1867 1866
f 1885 1866 1865 1886
f 1886 1865 1864 1887
f 1887 1864 1862 1888
f 1888 1862 1863 1889
f 1863 1861 1890 1891
f 1889 1863 1891 1892
f 1893 1889 1892 1894
f 1895 1888 1889 1893
f 1896 1887 1888 1895
f 1897 1886 1887 1896
f 1898 1885 1886 1897
f 1898 1899 1884 1885
f 1915 1914 1899 1898
f 1915 1898 1897 1916
f 1916 1897 1896 1917
f 1917 1896 1895 1918
f 1918 1895 1893 1919
f 1919 1893 1894 1920
f 1894 1892 1921 1922
f 1920 1894 1922 1923
f 1924 1920 1923 1925
f 1926 1919 1920 1924
f 1927 1918 1919 1926
f 1928 1917 1918 1927
f 1929 1916 1917 1928
f 1930 1915 1916 1929
f 1930 1931 1914 1915
f 1930 1929 1942 1931
f 1924 1925 1947 1946
f 1925 1923 1948 1949
f 1923 1922 1951 1948
f 1922 1921 1952 1951
f 1951 1952 1953 1954
f 1948 1951 1954 1955
f 1949 1948 1955 1956
f 1956 1955 1971 1970
f 1955 1954 1972 1971
f 1954 1953 1973 1972
f 1953 1974 1975 1973
f 1952 1976 1974 1953
f 1921 1977 1976 1952
f 1976 1978 1979 1974
f 1977 1980 1978 1976
f 1974 1979 1981 1975
f 1975 1981 1982 1983
f 1973 1975 1983 1984
f 1972 1973 1984 1985
f 1971 1972 1985 1986
f 1970 1971 1986 1987
f 1987 1986 2005 2004
f 1986 1985 2006 2005
f 1985 1984 2007 2006
f 1984 1983 2008 2007
f 1983 1982 2009 2008
f 1982 2010 2011 2009
f 1981 2012 2010 1982
f 2009 2011 2013 2014
f 2008 2009 2014 2015
f 2007 2008 2015 2016
f 2006 2007 2016 2017
f 2005 2006 2017 2018
f 2004 2005 2018 2019
f 2019 2018 2041 2040
f 2018 2017 2042 2041
f 2017 2016 2043 2042
f 2016 2015 2044 2043
f 2043 2044 2045 2046
f 2042 2043 2046 2047
f 2041 2042 2047 2048
f 2040 2041 2048 2049
f 2048 2075 2074 2049
f 2048 2047 2076 2075
f 2047 2046 1354 2076
f 2076 1354 1351 2077
f 2076 2077 2078 2075
f 2075 2078 2079 2074
f 2108 2111 2109 2107
f 2409 2387 2408 2410
f 2411 2384 2387 2409
f 2412 2382 2384 2411
f 2413 2411 2409 2414
f 2415 2412 2411 2413
f 2414 2409 2410 2416
f 2410 2408 2417 2418
f 2416 2410 2418 2419
f 2418 2417 2438 2439
f 2419 2418 2439 2440
f 2441 2419 2440 2442
f 2443 2416 2419 2441
f 2444 2414 2416 2443
f 2445 2443 2441 2446
f 2447 2444 2443 2445
f 2446 2441 2442 2448
f 2442 2440 2449 2450
f 2448 2442 2450 2451
f 2440 2439 2452 2449
f 2439 2438 2453 2452
f 2438 2437 2454 2453
f 2452 2453 2468 2469
f 2449 2452 2469 2470
f 2450 2449 2470 2471
f 2451 2450 2471 2472
f 2473 2451 2472 2474
f 2475 2448 2451 2473
f 2476 2446 2448 2475
f 2477 2475 2473 2478
f 2479 2476 2475 2477
f 2478 2473 2474 2480
f 2474 2472 2481 2482
f 2480 2474 2482 2483
f 2472 2471 2484 2481
f 2471 2470 2485 2484
f 2470 2469 2486 2485
f 2469 2468 2487 2486
f 2487 2488 2497 2498
f 2486 2487 2498 2499
f 2485 2486 2499 2500
f 2484 2485 2500 2501
f 2481 2484 2501 2502
f 2482 2481 2502 2503
f 2483 2482 2503 2504
f 2505 2483 2504 2506
f 2507 2480 2483 2505
f 2508 2478 2480 2507
f 2509 2507 2505 2510
f 2511 2508 2507 2509
f 2510 2505 2506 2512
f 2506 2504 2513 2514
f 2512 2506 2514 2515
f 2504 2503 2516 2513
f 2503 2502 2517 2516
f 2502 2501 2518 2517
f 2501 2500 2519 2518
f 2500 2499 2520 2519
f 2499 2498 2521 2520
f 2520 2521 2528 2529
f 2519 2520 2529 2530
f 2518 2519 2530 2531
f 2517 2518 2531 2532
f 2516 2517 2532 2533
f 2513 2516 2533 2534
f 2514 2513 2534 2535
f 2515 2514 2535 2536
f 2537 2515 2536 2538
f 2539 2512 2515 2537
f 2540 2510 2512 2539
f 2541 2539 2537 2542
f 2543 2540 2539 2541
f 2542 2537 2538 2544
f 2538 2536 2545 2546
f 2544 2538 2546 2547
f 2536 2535 2548 2545
f 2535 2534 2549 2548
f 2534 2533 2550 2549
f 2533 2532 2551 2550
f 2532 2531 2552 2551
f 2531 2530 2553 2552
f 2530 2529 2554 2553
f 2529 2528 2555 2554
f 2554 2555 2558 2559
f 2553 2554 2559 2560
f 2552 2553 2560 2561
f 2551 2552 2561 2562
f 2550 2551 2562 2563
f 2549 2550 2563 2564
f 2548 2549 2564 2565
f 2545 2548 2565 2566
f 2546 2545 2566 2567
f 2547 2546 2567 2568
f 2569 2547 2568 2570
f 2571 2544 2547 2569
f 2572 2542 2544 2571
f 2573 2571 2569 2574
f 2575 2572 2571 2573
f 2574 2569 2570 2576
f 2570 2568 2577 2578
f 2576 2570 2578 2579
f 2568 2567 2580 2577
f 2567 2566 2581 2580
f 2566 2565 2582 2581
f 2565 2564 2583 2582
f 2564 2563 2584 2583
f 2563 2562 2585 2584
f 2562 2561 2586 2585
f 2561 2560 2587 2586
f 2560 2559 2588 2587
f 2587 2588 170 169
f 2586 2587 169 171
f 2585 2586 171 174
f 2584 2585 174 2589
f 2583 2584 2589 2590
f 2582 2583 2590 2591
f 2581 2582 2591 2592
f 2580 2581 2592 2593
f 2577 2580 2593 2594
f 2578 2577 2594 2595
f 2579 2578 2595 2596
f 2597 2579 2596 2598
f 2599 2576 2579 2597
f 2600 2574 2576 2599
f 2601 2599 2597 2602
f 2603 2600 2599 2601
f 2602 2597 2598 2604
f 2598 2596 2605 2606
f 2604 2598 2606 2607
f 2596 2595 2608 2605
f 2595 2594 2609 2608
f 2594 2593 2610 2609
f 2593 2592 2611 2610
f 2592 2591 2612 2611
f 2591 2590 2613 2612
f 2590 2589 2614 2613
f 2589 174 172 2614
f 2614 172 173 203
f 2613 2614 203 206
f 2612 2613 206 2615
f 2611 2612 2615 2616
f 2610 2611 2616 2617
f 2609 2610 2617 2618
f 2608 2609 2618 2619
f 2605 2608 2619 2620
f 2606 2605 2620 2621
f 2607 2606 2621 2622
f 2623 2607 2622 2624
f 2625 2604 2607 2623
f 2626 2602 2604 2625
f 2627 2601 2602 2626
f 2628 2626 2625 2629
f 2630 2627 2626 2628
f 2629 2625 2623 2631
f 2631 2623 2624 2632
f 2624 2622 2633 2634
f 2632 2624 2634 2635
f 2622 2621 2636 2633
f 2621 2620 2637 2636
f 2620 2619 2638 2637
f 2619 2618 2639 2638
f 2618 2617 2640 2639
f 2617 2616 2641 2640
f 2616 2615 2642 2641
f 2615 206 204 2642
f 2642 204 205 237
f 2641 2642 237 240
f 2640 2641 240 2643
f 2639 2640 2643 2644
f 2638 2639 2644 2645
f 2637 2638 2645 2646
f 2636 2637 2646 2647
f 2633 2636 2647 2648
f 2634 2633 2648 2649
f 2635 2634 2649 2650
f 2651 2635 2650 2652
f 2653 2632 2635 2651
f 2654 2631 2632 2653
f 2655 2629 2631 2654
f 2656 2654 2653 2657
f 2658 2655 2654 2656
f 2657 2653 2651 2659
f 2659 2651 2652 2660
f 2652 2650 2661 2662
f 2660 2652 2662 2663
f 2650 2649 2664 2661
f 2649 2648 2665 2664
f 2648 2647 2666 2665
f 2647 2646 2667 2666
f 2646 2645 2668 2667
f 2645 2644 2669 2668
f 2644 2643 2670 2669
f 2643 240 238 2670
f 2670 238 239 269
f 2669 2670 269 272
f 2668 2669 272 2671
f 2667 2668 2671 2672
f 2666 2667 2672 2673
f 2665 2666 2673 2674
f 2664 2665 2674 2675
f 2661 2664 2675 2676
f 2662 2661 2676 2677
f 2663 2662 2677 2678
f 2679 2663 2678 2680
f 2681 2660 2663 2679
f 2682 2659 2660 2681
f 2683 2657 2659 2682
f 2684 2682 2681 2685
f 2686 2683 2682 2684
f 2685 2681 2679 2687
f 2687 2679 2680 2688
f 2680 2678 2689 2690
f 2688 2680 2690 2691
f 2678 2677 2692 2689
f 2677 2676 2693 2692
f 2676 2675 2694 2693
f 2675 2674 2695 2694
f 2674 2673 2696 2695
f 2673 2672 2697 2696
f 2672 2671 2698 2697
f 2671 272 270 2698
f 2698 270 271 303
f 2697 2698 303 306
f 2696 2697 306 2699
f 2695 2696 2699 2700
f 2694 2695 2700 2701
f 2693 2694 2701 2702
f 2692 2693 2702 2703
f 2689 2692 2703 2704
f 2690 2689 2704 2705
f 2691 2690 2705 2706
f 2707 2691 2706 2708
f 2709 2688 2691 2707
f 2710 2687 2688 2709
f 2711 2685 2687 2710
f 2712 2710 2709 2713
f 2714 2711 2710 2712
f 2713 2709 2707 2715
f 2715 2707 2708 2716
f 2708 2706 2717 2718
f 2716 2708 2718 2719
f 2706 2705 2720 2717
f 2705 2704 2721 2720
f 2704 2703 2722 2721
f 2703 2702 2723 2722
f 2702 2701 2724 2723
f 2701 2700 2725 2724
f 2700 2699 2726 2725
f 2699 306 304 2726
f 2726 304 305 335
f 2725 2726 335 338
f 2724 2725 338 2727
f 2723 2724 2727 2728
f 2722 2723 2728 2729
f 2721 2722 2729 2730
f 2720 2721 2730 2731
f 2717 2720 2731 2732
f 2718 2717 2732 2733
f 2718 2733 2734 2719
f 2719 2734 2736 2735
f 2737 2716 2719 2735
f 2738 2715 2716 2737
f 2739 2713 2715 2738
f 2738 2737 2741 2740
f 2739 2738 2740 2742
f 2737 2735 2743 2741
f 2736 2744 2745 2735
f 2734 2747 2748 2736
f 2733 2750 2747 2734
f 2733 2732 2751 2750
f 2732 2731 2752 2751
f 2731 2730 2753 2752
f 2730 2729 2754 2753
f 2729 2728 2755 2754
f 2728 2727 2756 2755
f 2727 338 336 2756
f 2756 336 337 2757
f 2755 2756 2757 2758
f 2754 2755 2758 2759
f 2753 2754 2759 2760
f 2752 2753 2760 2761
f 2752 2761 2762 2751
f 2751 2762 2763 2750
f 2763 2764 2765 2750
f 2747 2750 2765 2766
f 2748 2747 2766 2749
f 2784 2785 2764 2763
f 2762 2787 2784 2763
f 2762 2761 2788 2787
f 2761 2760 2789 2788
f 2789 2790 2791 2788
f 2788 2791 2792 2787
f 2784 2787 2794 2785
f 2791 2818 2815 2792
f 2790 406 2818 2791
f 406 404 2819 2818
f 2819 2820 2815 2818
f 3012 3024 3025 3009
f 3023 3026 3024 3012
f 3009 3025 3027 3008
f 3008 3027 3028 3007
f 3007 3028 3029 3006
f 3006 3029 3030 3005
f 3005 3030 3031 3004
f 3004 3031 3032 3002
f 3031 3033 3034 3032
f 3030 3035 3033 3031
f 3029 3036 3035 3030
f 3028 3037 3036 3029
f 3027 3038 3037 3028
f 3025 3039 3038 3027
f 3024 3040 3039 3025
f 3026 3041 3040 3024
f 3042 3043 3041 3026
f 3044 3042 3026 3023
f 3052 3053 3042 3044
f 3053 3054 3043 3042
f 3043 3055 3056 3041
f 3054 3057 3055 3043
f 3041 3056 3058 3040
f 3040 3058 3059 3039
f 3039 3059 3060 3038
f 3038 3060 3061 3037
f 3037 3061 3062 3036
f 3036 3062 3063 3035
f 3035 3063 3064 3033
f 3063 3065 3066 3064
f 3062 3067 3065 3063
f 3061 3068 3067 3062
f 3060 3069 3068 3061
f 3059 3070 3069 3060
f 3058 3071 3070 3059
f 3056 3072 3071 3058
f 3055 3073 3072 3056
f 3057 3074 3073 3055
f 3075 3076 3074 3057
f 3077 3075 3057 3054
f 3078 3077 3054 3053
f 3079 3078 3053 3052
f 3081 3082 3078 3079
f 3082 3084 3077 3078
f 3084 3085 3075 3077
f 3085 3086 3076 3075
f 3076 3087 3088 3074
f 3086 3089 3087 3076
f 3074 3088 3090 3073
f 3073 3090 3091 3072
f 3072 3091 3092 3071
f 3071 3092 3093 3070
f 3070 3093 3094 3069
f 3069 3094 3095 3068
f 3068 3095 3096 3067
f 3067 3096 3097 3065
f 3096 3098 3099 3097
f 3095 3100 3098 3096
f 3094 3101 3100 3095
f 3093 3102 3101 3094
f 3092 3103 3102 3093
f 3091 3104 3103 3092
f 3090 3105 3104 3091
f 3088 3106 3105 3090
f 3087 3107 3106 3088
f 3089 3108 3107 3087
f 3109 3110 3108 3089
f 3111 3109 3089 3086
f 3112 3111 3086 3085
f 3113 3112 3085 3084
f 3114 3115 3111 3112
f 3116 3114 3112 3113
f 3115 3117 3109 3111
f 3117 3118 3110 3109
f 3110 3119 3120 3108
f 3118 3121 3119 3110
f 3108 3120 3122 3107
f 3107 3122 3123 3106
f 3106 3123 3124 3105
f 3105 3124 3125 3104
f 3104 3125 3126 3103
f 3103 3126 3127 3102
f 3102 3127 3128 3101
f 3101 3128 3129 3100
f 3100 3129 2630 3098
f 3129 3130 2627 2630
f 3128 3131 3130 3129
f 3127 3132 3131 3128
f 3126 3133 3132 3127
f 3125 3134 3133 3126
f 3124 3135 3134 3125
f 3123 3136 3135 3124
f 3122 3137 3136 3123
f 3120 3138 3137 3122
f 3119 3139 3138 3120
f 3121 3140 3139 3119
f 3141 3142 3140 3121
f 3143 3141 3121 3118
f 3144 3143 3118 3117
f 3145 3146 3141 3143
f 3147 3145 3143 3144
f 3146 3148 3142 3141
f 3142 3149 3150 3140
f 3148 3151 3149 3142
f 3140 3150 3152 3139
f 3139 3152 3153 3138
f 3138 3153 3154 3137
f 3137 3154 3155 3136
f 3136 3155 3156 3135
f 3135 3156 3157 3134
f 3134 3157 3158 3133
f 3133 3158 3159 3132
f 3132 3159 3160 3131
f 3131 3160 2603 3130
f 3160 3161 2600 2603
f 3159 3162 3161 3160
f 3158 3163 3162 3159
f 3157 3164 3163 3158
f 3156 3165 3164 3157
f 3155 3166 3165 3156
f 3154 3167 3166 3155
f 3153 3168 3167 3154
f 3152 3169 3168 3153
f 3150 3170 3169 3152
f 3149 3171 3170 3150
f 3151 3172 3171 3149
f 3173 3174 3172 3151
f 3175 3173 3151 3148
f 3172 3176 3177 3171
f 3174 3178 3176 3172
f 3171 3177 3179 3170
f 3170 3179 3180 3169
f 3169 3180 3181 3168
f 3168 3181 3182 3167
f 3167 3182 3183 3166
f 3166 3183 3184 3165
f 3165 3184 3185 3164
f 3164 3185 3186 3163
f 3163 3186 2575 3162
f 3162 2575 2573 3161
f 3161 2573 2574 2600
f 3186 3187 2572 2575
f 3185 3188 3187 3186
f 3184 3189 3188 3185
f 3183 3190 3189 3184
f 3182 3191 3190 3183
f 3181 3192 3191 3182
f 3180 3193 3192 3181
f 3179 3194 3193 3180
f 3177 3195 3194 3179
f 3176 3196 3195 3177
f 3178 3197 3196 3176
f 3198 3199 3197 3178
f 3200 3198 3178 3174
f 3197 3201 3202 3196
f 3199 3203 3201 3197
f 3196 3202 3204 3195
f 3195 3204 3205 3194
f 3194 3205 3206 3193
f 3193 3206 3207 3192
f 3192 3207 3208 3191
f 3191 3208 3209 3190
f 3190 3209 3210 3189
f 3189 3210 2543 3188
f 3188 2543 2541 3187
f 3187 2541 2542 2572
f 3210 3211 2540 2543
f 3209 3212 3211 3210
f 3208 3213 3212 3209
f 3207 3214 3213 3208
f 3206 3215 3214 3207
f 3205 3216 3215 3206
f 3204 3217 3216 3205
f 3202 3218 3217 3204
f 3201 3219 3218 3202
f 3203 3220 3219 3201
f 3221 3222 3220 3203
f 3223 3221 3203 3199
f 3224 3223 3199 3198
f 3225 3226 3221 3223
f 3227 3225 3223 3224
f 3226 3228 3222 3221
f 3222 3229 3230 3220
f 3228 3231 3229 3222
f 3220 3230 3232 3219
f 3219 3232 3233 3218
f 3218 3233 3234 3217
f 3217 3234 3235 3216
f 3216 3235 3236 3215
f 3215 3236 3237 3214
f 3214 3237 3238 3213
f 3213 3238 2511 3212
f 3212 2511 2509 3211
f 3238 3239 2508 2511
f 3237 3240 3239 3238
f 3236 3241 3240 3237
f 3235 3242 3241 3236
f 3234 3243 3242 3235
f 3233 3244 3243 3234
f 3232 3245 3244 3233
f 3230 3246 3245 3232
f 3229 3247 3246 3230
f 3231 3248 3247 3229
f 3249 3250 3248 3231
f 3251 3249 3231 3228
f 3252 3251 3228 3226
f 3253 3252 3226 3225
f 3254 3255 3251 3252
f 3256 3254 3252 3253
f 3255 3257 3249 3251
f 3257 3258 3250 3249
f 3250 3259 3260 3248
f 3258 3261 3259 3250
f 3248 3260 3262 3247
f 3247 3262 3263 3246
f 3246 3263 3264 3245
f 3245 3264 3265 3244
f 3244 3265 3266 3243
f 3243 3266 3267 3242
f 3242 3267 3268 3241
f 3241 3268 2479 3240
f 3240 2479 2477 3239
f 3268 3269 2476 2479
f 3267 3270 3269 3268
f 3266 3271 3270 3267
f 3265 3272 3271 3266
f 3264 3273 3272 3265
f 3263 3274 3273 3264
f 3262 3275 3274 3263
f 3260 3276 3275 3262
f 3259 3277 3276 3260
f 3261 3278 3277 3259
f 3279 3280 3278 3261
f 3281 3279 3261 3258
f 3282 3281 3258 3257
f 3283 3282 3257 3255
f 3284 3285 3281 3282
f 3286 3284 3282 3283
f 3285 3287 3279 3281
f 3287 3288 3280 3279
f 3280 3289 3290 3278
f 3288 3291 3289 3280
f 3278 3290 3292 3277
f 3277 3292 3293 3276
f 3276 3293 3294 3275
f 3275 3294 3295 3274
f 3274 3295 3296 3273
f 3273 3296 3297 3272
f 3272 3297 3298 3271
f 3271 3298 2447 3270
f 3298 3299 2444 2447
f 3297 3300 3299 3298
f 3296 3301 3300 3297
f 3295 3302 3301 3296
f 3294 3303 3302 3295
f 3293 3304 3303 3294
f 3292 3305 3304 3293
f 3290 3306 3305 3292
f 3289 3307 3306 3290
f 3291 3308 3307 3289
f 3309 3310 3308 3291
f 3311 3309 3291 3288
f 3312 3311 3288 3287
f 3313 3312 3287 3285
f 3314 3315 3311 3312
f 3316 3314 3312 3313
f 3315 3317 3309 3311
f 3317 3318 3310 3309
f 3310 3319 3320 3308
f 3318 3321 3319 3310
f 3308 3320 3322 3307
f 3307 3322 3323 3306
f 3306 3323 3324 3305
f 3305 3324 3325 3304
f 3304 3325 3326 3303
f 3303 3326 3327 3302
f 3302 3327 3328 3301
f 3301 3328 2415 3300
f 3300 2415 2413 3299
f 3328 3329 2412 2415
f 3327 3330 3329 3328
f 3326 3331 3330 3327
f 3325 3332 3331 3326
f 3324 3333 3332 3325
f 3323 3334 3333 3324
f 3322 3335 3334 3323
f 3320 3336 3335 3322
f 3319 3337 3336 3320
f 3321 3338 3337 3319
f 3339 3340 3338 3321
f 3341 3339 3321 3318
f 3342 3341 3318 3317
f 3343 3342 3317 3315
f 3344 3345 3341 3342
f 3346 3344 3342 3343
f 3345 3347 3339 3341
f 3347 3348 3340 3339
f 3340 3349 3350 3338
f 3348 3351 3349 3340
f 3338 3350 3352 3337
f 3337 3352 3353 3336
f 3336 3353 3354 3335
f 3335 3354 3355 3334
f 3334 3355 3356 3333
f 3333 3356 3357 3332
f 3332 3357 3358 3331
f 3331 3358 2383 3330
f 3371 3369 3351 3348
f 3372 3371 3348 3347
f 3373 3372 3347 3345
f 3374 3375 3371 3372
f 3376 3374 3372 3373
f 3375 3377 3369 3371
f 3403 3402 3377 3375
f 1502 3404 3402 3403
f 1501 1533 3404 1502
f 1500 1502 3403 3541
f 1468 1500 3541 1469
f 3541 3403 3375 3374
f 1469 3541 3374 3376
f 1467 1469 3376 3542
f 3542 3376 3373 3543
f 1436 3542 3543 3544
f 1435 1467 3542 1436
f 3543 3373 3345 3344
f 3544 3543 3344 3346
f 3545 3544 3346 3546
f 1434 1436 3544 3545
f 3546 3346 3343 3547
f 3548 3546 3547 3549
f 1403 3545 3546 3548
f 1402 1434 3545 1403
f 1401 1403 3548 3550
f 3550 3548 3549 3551
f 3549 3547 3314 3316
f 3551 3549 3316 3552
f 3547 3343 3315 3314
f 3552 3316 3313 3553
f 3554 3552 3553 3555
f 3556 3551 3552 3554
f 1370 3550 3551 3556
f 1369 1401 3550 1370
f 1368 1370 3556 3557
f 3557 3556 3554 3558
f 3558 3554 3555 3559
f 3555 3553 3284 3286
f 3559 3555 3286 3560
f 3553 3313 3285 3284
f 3560 3286 3283 3561
f 3562 3560 3561 3563
f 3564 3559 3560 3562
f 3565 3558 3559 3564
f 1337 3557 3558 3565
f 1336 1368 3557 1337
f 1335 1337 3565 3566
f 3566 3565 3564 3567
f 3567 3564 3562 3568
f 3568 3562 3563 3569
f 3563 3561 3254 3256
f 3569 3563 3256 3570
f 3561 3283 3255 3254
f 3570 3256 3253 3571
f 3572 3570 3571 3573
f 3574 3569 3570 3572
f 1304 3568 3569 3574
f 1303 3567 3568 1304
f 1305 3566 3567 1303
f 1306 1335 3566 1305
f 1302 1304 3574 3575
f 3575 3574 3572 3576
f 3576 3572 3573 3577
f 3573 3571 3227 3578
f 3577 3573 3578 3579
f 3571 3253 3225 3227
f 3578 3227 3224 3580
f 3579 3578 3580 3581
f 3582 3579 3581 3583
f 3584 3577 3579 3582
f 1270 3576 3577 3584
f 1269 3575 3576 1270
f 1271 1302 3575 1269
f 1268 1270 3584 3585
f 3585 3584 3582 3586
f 3586 3582 3583 3587
f 3583 3581 3588 3589
f 3587 3583 3589 3590
f 3581 3580 3200 3588
f 3580 3224 3198 3200
f 3588 3200 3174 3173
f 3589 3588 3173 3175
f 3590 3589 3175 3591
f 3592 3590 3591 3593
f 3594 3587 3590 3592
f 1236 3586 3587 3594
f 1235 3585 3586 1236
f 1237 1268 3585 1235
f 1234 1236 3594 3595
f 3595 3594 3592 3596
f 3596 3592 3593 3597
f 3593 3591 3146 3145
f 3597 3593 3145 3147
f 3591 3175 3148 3146
f 3598 3147 3144 3599
f 3600 3597 3147 3598
f 1202 3596 3597 3600
f 1201 3595 3596 1202
f 1203 1234 3595 1201
f 1200 1202 3600 3601
f 3601 3600 3598 3602
f 3602 3598 3599 3603
f 3599 3144 3117 3115
f 3603 3599 3115 3114
f 3604 3603 3114 3116
f 1168 3602 3603 3604
f 1167 3601 3602 1168
f 1169 1200 3601 1167
f 1166 1168 3604 3605
f 3605 3604 3116 3606
f 3606 3116 3113 3607
f 1134 3606 3607 3608
f 1133 3605 3606 1134
f 1135 1166 3605 1133
f 3608 3607 3082 3081
f 3607 3113 3084 3082
f 3330 2383 2381 3329
f 3329 2381 2382 2412
f 3299 2413 2414 2444
f 3270 2447 2445 3269
f 3269 2445 2446 2476
f 3239 2477 2478 2508
f 3211 2509 2510 2540
f 3130 2603 2601 2627
f 3098 2630 2628 3099
f 3099 2628 2629 2655
f 3097 3099 2655 2658
f 3065 3097 2658 3066
f 3066 2658 2656 3613
f 3064 3066 3613 3614
f 3613 2656 2657 2683
f 3614 3613 2683 2686
f 3034 3614 2686 3615
f 3033 3064 3614 3034
f 3615 2686 2684 3616
f 3617 3615 3616 3618
f 3032 3034 3615 3617
f 3616 2684 2685 2711
f 3618 3616 2711 2714
f 3619 3618 2714 3620
f 3003 3617 3618 3619
f 3002 3032 3617 3003
f 3622 3619 3620 3624
f 3620 2714 2712 3625
f 3624 3620 3625 3626
f 3627 3624 3626 3628
f 3629 3622 3624 3627
f 3638 3629 3627 3639
f 3627 3628 3640 3639
f 3628 3626 2742 3641
f 3628 3641 3642 3640
f 3626 3625 2739 2742
f 3625 2712 2713 2739
f 2742 2740 3643 3641
f 3643 3644 3645 3641
f 3642 3641 3645 3646
f 3639 3640 3648 3650
f 3638 3639 3650 3651
f 3687 2741 2743 2774
f 2740 2741 3687 3643
f 2819 404 433 2820
f 2790 3690 403 406
f 2789 3691 3690 2790
f 3690 371 372 403
f 3691 373 371 3690
f 2759 2758 373 3691
f 2760 2759 3691 2789
f 2758 2757 370 373
f 2757 337 339 370
f 170 3692 139 140
f 2588 3693 3692 170
f 2559 2558 3693 2588
f 2111 1319 1287 1286
f 2108 1322 1319 2111
f 1322 2108 2079 2078
f 2078 2077 1320 1322
f 2077 1351 1321 1320
f 2046 2045 1352 1354
f 2045 3696 1353 1352
f 2044 3697 3696 2045
f 3696 1384 1355 1353
f 3697 1387 1384 3696
f 2014 2013 1387 3697
f 2015 2014 3697 2044
f 2013 3698 1385 1387
f 2011 3699 3698 2013
f 3698 3700 1386 1385
f 3699 3701 3700 3698
f 3702 3703 3701 3699
f 2010 3702 3699 2011
f 3701 1420 1417 3700
f 3703 3704 1420 3701
f 3700 1417 1388 1386
f 3704 3705 1418 1420
f 3706 3707 3705 3704
f 3708 3706 3704 3703
f 3709 3708 3703 3702
f 2012 3709 3702 2010
f 3710 3711 3708 3709
f 3712 3710 3709 2012
f 3711 3713 3706 3708
f 3713 3714 3707 3706
f 3707 3715 3716 3705
f 3714 3717 3715 3707
f 3705 3716 1419 1418
f 3716 1450 1421 1419
f 3715 1453 1450 3716
f 3717 3718 1453 3715
f 3719 3720 3718 3717
f 3721 3719 3717 3714
f 3722 3721 3714 3713
f 3723 3722 3713 3711
f 3724 3723 3711 3710
f 3725 3724 3710 3712
f 1979 3712 2012 1981
f 1978 3725 3712 1979
f 3726 3727 3724 3725
f 1980 3726 3725 1978
f 3727 3728 3723 3724
f 3728 3729 3722 3723
f 3729 3730 3721 3722
f 3730 3731 3719 3721
f 3731 3732 3720 3719
f 3720 3733 3734 3718
f 3732 3735 3733 3720
f 3718 3734 1451 1453
f 3734 3736 1452 1451
f 3733 3737 3736 3734
f 3735 3738 3737 3733
f 3739 3740 3738 3735
f 3741 3739 3735 3732
f 3742 3741 3732 3731
f 3743 3742 3731 3730
f 3744 3743 3730 3729
f 3745 3744 3729 3728
f 3746 3745 3728 3727
f 3747 3746 3727 3726
f 1890 3747 3726 1980
f 1891 1890 1980 1977
f 1861 1860 3747 1890
f 1860 1859 3746 3747
f 1859 3748 3745 3746
f 3748 3749 3744 3745
f 3749 3750 3743 3744
f 3750 3751 3742 3743
f 3751 3752 3741 3742
f 3752 3753 3739 3741
f 3753 3754 3740 3739
f 3740 3755 3756 3738
f 3754 3757 3755 3740
f 3738 3756 1486 3737
f 3737 1486 1483 3736
f 3756 3758 1484 1486
f 3755 3759 3758 3756
f 3757 3760 3759 3755
f 3761 3762 3760 3757
f 3763 3761 3757 3754
f 3764 3763 3754 3753
f 3765 3764 3753 3752
f 3766 3765 3752 3751
f 3767 3766 3751 3750
f 1828 3767 3750 3749
f 1829 1828 3749 3748
f 1830 1829 3748 1859
f 1799 1798 3767 1828
f 1798 1797 3766 3767
f 1797 3768 3765 3766
f 3768 3769 3764 3765
f 3769 3770 3763 3764
f 3770 3771 3761 3763
f 3771 3772 3762 3761
f 3762 3773 3774 3760
f 3772 3775 3773 3762
f 3760 3774 3776 3759
f 3759 3776 3777 3758
f 3758 3777 1485 1484
f 3777 1516 1487 1485
f 3776 1519 1516 3777
f 3774 3778 1519 3776
f 3773 3779 3778 3774
f 3775 3780 3779 3773
f 3782 3780 3775 3781
f 3783 3781 3775 3772
f 3784 3783 3772 3771
f 3785 3784 3771 3770
f 1767 3785 3770 3769
f 1767 3769 3768 1766
f 1768 1766 3768 1797
f 1767 1737 1736 3785
f 1736 1735 3784 3785
f 1735 3786 3783 3784
f 3787 3781 3783 3786
f 3781 3787 3788 3782
f 3782 3788 3789 3790
f 3790 3791 3780 3782
f 3780 3791 3792 3779
f 3779 3792 3793 3778
f 3778 3793 1517 1519
f 3793 3794 1518 1517
f 3792 3795 3794 3793
f 3791 3796 3795 3792
f 3797 3796 3791 3790
f 3790 3789 3798 3797
f 3797 3798 3805 3806
f 3806 3807 3796 3797
f 3796 3807 1552 3795
f 3795 1552 1549 3794
f 3794 1549 1520 1518
f 3807 3808 1550 1552
f 3806 3809 3808 3807
f 3805 3810 3809 3806
f 3818 3819 3808 3809
f 3808 3819 1551 1550
f 3736 1483 1454 1452
f 1892 1891 1977 1921
g Bottom
f 7 8 2 1
f 8 10 3 2
f 18 19 10 8
f 19 22 20 10
f 29 30 19 18
f 30 31 22 19
f 31 35 33 22
f 44 45 30 29
f 45 46 31 30
f 46 47 35 31
f 47 51 49 35
f 63 64 45 44
f 64 65 46 45
f 65 66 47 46
f 66 67 51 47
f 51 68 69 49
f 67 70 68 51
f 85 64 63 84
f 85 86 65 64
f 86 87 66 65
f 87 88 67 66
f 88 89 70 67
f 70 90 91 68
f 89 92 90 70
f 108 85 84 107
f 109 86 85 108
f 109 110 87 86
f 110 111 88 87
f 111 112 89 88
f 112 113 92 89
f 92 114 115 90
f 113 116 114 92
f 394 392 415 413
f 391 416 417 392
f 415 392 417 418
f 390 389 416 391
f 389 419 420 416
f 416 420 421 417
f 418 417 421 422
f 423 418 422 424
f 425 415 418 423
f 413 415 425 426
f 414 413 426 427
f 428 427 437 430
f 430 437 438 435
f 427 426 439 437
f 426 425 440 439
f 440 425 423 441
f 441 423 424 442
f 424 422 443 444
f 442 424 444 445
f 422 421 446 443
f 421 420 447 446
f 419 448 447 420
f 447 448 449 450
f 446 447 450 451
f 443 446 451 452
f 444 443 452 453
f 445 444 453 454
f 455 445 454 456
f 457 442 445 455
f 458 441 442 457
f 459 440 441 458
f 460 439 440 459
f 437 439 460 438
f 461 438 460 462
f 463 435 438 461
f 436 435 463 464
f 464 463 467 466
f 469 464 466 468
f 467 463 461 471
f 471 461 462 472
f 462 460 459 473
f 472 462 473 474
f 473 459 458 475
f 475 458 457 476
f 476 457 455 477
f 477 455 456 478
f 456 454 479 480
f 478 456 480 481
f 454 453 482 479
f 453 452 483 482
f 482 483 484 485
f 479 482 485 486
f 480 479 486 487
f 481 480 487 488
f 489 481 488 490
f 491 478 481 489
f 492 477 478 491
f 493 476 477 492
f 494 475 476 493
f 474 473 475 494
f 495 474 494 496
f 497 472 474 495
f 498 471 472 497
f 499 467 471 498
f 500 498 497 501
f 502 499 498 500
f 501 497 495 503
f 503 495 496 504
f 496 494 493 505
f 504 496 505 506
f 505 493 492 507
f 507 492 491 508
f 508 491 489 509
f 509 489 490 510
f 490 488 511 512
f 510 490 512 513
f 488 487 514 511
f 487 486 515 514
f 514 515 516 517
f 511 514 517 518
f 512 511 518 519
f 513 512 519 520
f 521 513 520 522
f 523 510 513 521
f 524 509 510 523
f 525 508 509 524
f 526 507 508 525
f 506 505 507 526
f 527 506 526 528
f 529 504 506 527
f 530 503 504 529
f 531 501 503 530
f 532 530 529 533
f 534 531 530 532
f 533 529 527 535
f 535 527 528 536
f 528 526 525 537
f 536 528 537 538
f 537 525 524 539
f 539 524 523 540
f 540 523 521 541
f 541 521 522 542
f 522 520 543 544
f 542 522 544 545
f 520 519 546 543
f 519 518 547 546
f 518 517 548 547
f 547 548 549 550
f 546 547 550 551
f 543 546 551 552
f 544 543 552 553
f 545 544 553 554
f 555 545 554 556
f 557 542 545 555
f 558 541 542 557
f 559 540 541 558
f 560 539 540 559
f 538 537 539 560
f 561 538 560 562
f 563 536 538 561
f 564 535 536 563
f 565 533 535 564
f 566 564 563 567
f 568 565 564 566
f 567 563 561 569
f 569 561 562 570
f 562 560 559 571
f 570 562 571 572
f 571 559 558 573
f 573 558 557 574
f 574 557 555 575
f 575 555 556 576
f 556 554 577 578
f 576 556 578 579
f 554 553 580 577
f 553 552 581 580
f 580 581 582 583
f 577 580 583 584
f 578 577 584 585
f 579 578 585 586
f 587 579 586 588
f 589 576 579 587
f 590 575 576 589
f 591 574 575 590
f 592 573 574 591
f 572 571 573 592
f 593 572 592 594
f 595 570 572 593
f 596 569 570 595
f 597 567 569 596
f 598 596 595 599
f 600 597 596 598
f 599 595 593 601
f 601 593 594 602
f 594 592 591 603
f 602 594 603 604
f 603 591 590 605
f 605 590 589 606
f 606 589 587 607
f 607 587 588 608
f 588 586 609 610
f 608 588 610 611
f 586 585 612 609
f 585 584 613 612
f 584 583 614 613
f 613 614 615 616
f 612 613 616 617
f 609 612 617 618
f 610 609 618 619
f 611 610 619 620
f 621 611 620 622
f 623 608 611 621
f 624 607 608 623
f 625 606 607 624
f 626 605 606 625
f 604 603 605 626
f 627 604 626 628
f 629 602 604 627
f 630 601 602 629
f 631 599 601 630
f 632 630 629 633
f 634 631 630 632
f 633 629 627 635
f 635 627 628 636
f 628 626 625 637
f 636 628 637 638
f 637 625 624 639
f 639 624 623 640
f 640 623 621 641
f 641 621 622 642
f 622 620 112 111
f 642 622 111 110
f 620 619 113 112
f 619 618 116 113
f 116 643 644 114
f 617 643 116 618
f 617 616 647 643
f 616 615 655 647
f 614 665 664 615
f 582 671 670 665
f 583 582 665 614
f 678 679 677 671
f 581 678 671 582
f 550 549 686 679
f 550 679 678 551
f 552 551 678 581
f 549 689 687 686
f 696 697 694 689
f 548 696 689 549
f 703 704 701 697
f 516 703 697 696
f 517 516 696 548
f 515 705 703 516
f 706 704 703 705
f 706 710 708 704
f 710 719 716 708
f 720 721 719 710
f 484 720 710 706
f 485 484 706 705
f 486 485 705 515
f 483 722 720 484
f 722 723 721 720
f 721 724 725 719
f 723 726 724 721
f 726 739 737 724
f 449 740 739 726
f 450 449 726 723
f 451 450 723 722
f 452 451 722 483
f 448 741 740 449
f 740 742 743 739
f 744 742 740 741
f 739 743 745 737
f 742 757 755 743
f 758 757 742 744
f 762 744 741 761
f 761 741 448 419
f 388 761 419 389
f 778 642 110 109
f 779 778 109 108
f 780 641 642 778
f 781 780 778 779
f 782 779 108 107
f 783 781 779 782
f 784 785 780 781
f 786 784 781 783
f 785 640 641 780
f 787 639 640 785
f 788 787 785 784
f 789 788 784 786
f 790 786 783 791
f 792 789 786 790
f 783 782 793 791
f 782 107 135 793
f 793 135 137 794
f 795 791 793 794
f 796 790 791 795
f 797 792 790 796
f 798 799 789 792
f 800 798 792 797
f 799 801 788 789
f 801 638 787 788
f 638 637 639 787
f 802 636 638 801
f 803 802 801 799
f 804 803 799 798
f 805 804 798 800
f 806 800 797 807
f 808 805 800 806
f 807 797 796 809
f 809 796 795 810
f 810 795 794 811
f 811 794 137 812
f 816 811 812 815
f 817 810 811 816
f 818 809 810 817
f 819 807 809 818
f 820 806 807 819
f 821 808 806 820
f 822 823 805 808
f 824 822 808 821
f 823 825 804 805
f 825 826 803 804
f 826 827 802 803
f 827 635 636 802
f 828 633 635 827
f 829 828 827 826
f 830 829 826 825
f 831 830 825 823
f 832 831 823 822
f 833 832 822 824
f 834 824 821 835
f 836 833 824 834
f 835 821 820 837
f 837 820 819 838
f 838 819 818 839
f 839 818 817 840
f 840 817 816 841
f 841 816 815 842
f 846 841 842 845
f 847 840 841 846
f 848 839 840 847
f 849 838 839 848
f 850 837 838 849
f 851 835 837 850
f 852 834 835 851
f 853 836 834 852
f 854 855 833 836
f 856 854 836 853
f 855 857 832 833
f 857 858 831 832
f 858 859 830 831
f 859 860 829 830
f 861 862 860 859
f 863 861 859 858
f 864 863 858 857
f 865 864 857 855
f 866 865 855 854
f 867 866 854 856
f 868 856 853 869
f 870 867 856 868
f 869 853 852 871
f 871 852 851 872
f 872 851 850 873
f 873 850 849 874
f 874 849 848 875
f 875 848 847 876
f 876 847 846 877
f 878 876 877 879
f 880 875 876 878
f 881 874 875 880
f 882 873 874 881
f 883 872 873 882
f 884 871 872 883
f 885 869 871 884
f 886 868 869 885
f 887 870 868 886
f 888 889 867 870
f 890 888 870 887
f 889 891 866 867
f 891 892 865 866
f 892 893 864 865
f 893 894 863 864
f 895 896 894 893
f 897 895 893 892
f 898 897 892 891
f 899 898 891 889
f 900 899 889 888
f 901 900 888 890
f 902 890 887 903
f 904 901 890 902
f 903 887 886 905
f 905 886 885 906
f 906 885 884 907
f 907 884 883 908
f 908 883 882 909
f 909 882 881 910
f 910 881 880 911
f 912 910 911 913
f 914 909 910 912
f 915 908 909 914
f 916 907 908 915
f 917 906 907 916
f 918 905 906 917
f 919 903 905 918
f 920 902 903 919
f 921 904 902 920
f 922 923 901 904
f 924 922 904 921
f 923 925 900 901
f 925 926 899 900
f 926 927 898 899
f 927 928 897 898
f 929 930 928 927
f 931 929 927 926
f 932 931 926 925
f 933 932 925 923
f 934 933 923 922
f 935 934 922 924
f 936 924 921 937
f 938 935 924 936
f 937 921 920 939
f 939 920 919 940
f 940 919 918 941
f 941 918 917 942
f 942 917 916 943
f 943 916 915 944
f 944 915 914 945
f 946 944 945 947
f 948 943 944 946
f 949 942 943 948
f 950 941 942 949
f 951 940 941 950
f 952 939 940 951
f 953 937 939 952
f 954 936 937 953
f 955 938 936 954
f 956 957 935 938
f 958 956 938 955
f 957 959 934 935
f 959 960 933 934
f 960 961 932 933
f 961 962 931 932
f 963 964 962 961
f 965 963 961 960
f 966 965 960 959
f 967 966 959 957
f 968 967 957 956
f 969 968 956 958
f 970 958 955 971
f 972 969 958 970
f 971 955 954 973
f 973 954 953 974
f 974 953 952 975
f 975 952 951 976
f 976 951 950 977
f 977 950 949 978
f 978 949 948 979
f 980 978 979 981
f 982 977 978 980
f 983 976 977 982
f 984 975 976 983
f 985 974 975 984
f 986 973 974 985
f 987 971 973 986
f 988 970 971 987
f 989 972 970 988
f 990 991 969 972
f 992 990 972 989
f 991 993 968 969
f 993 994 967 968
f 994 995 966 967
f 995 996 965 966
f 997 998 996 995
f 999 997 995 994
f 1000 999 994 993
f 1001 1000 993 991
f 1002 1001 991 990
f 1003 1002 990 992
f 1004 992 989 1005
f 1006 1003 992 1004
f 1005 989 988 1007
f 1007 988 987 1008
f 1008 987 986 1009
f 1009 986 985 1010
f 1010 985 984 1011
f 1011 984 983 1012
f 1012 983 982 1013
f 1014 1012 1013 1015
f 1016 1011 1012 1014
f 1017 1010 1011 1016
f 1018 1009 1010 1017
f 1019 1008 1009 1018
f 1020 1007 1008 1019
f 1021 1005 1007 1020
f 1022 1004 1005 1021
f 1023 1006 1004 1022
f 1024 1025 1003 1006
f 1026 1024 1006 1023
f 1025 1027 1002 1003
f 1027 1028 1001 1002
f 1028 1029 1000 1001
f 1029 1030 999 1000
f 1031 1032 1030 1029
f 1033 1031 1029 1028
f 1034 1033 1028 1027
f 1035 1034 1027 1025
f 1036 1035 1025 1024
f 1037 1036 1024 1026
f 1038 1026 1023 1039
f 1040 1037 1026 1038
f 1039 1023 1022 1041
f 1041 1022 1021 1042
f 1042 1021 1020 1043
f 1043 1020 1019 1044
f 1044 1019 1018 1045
f 1045 1018 1017 1046
f 1046 1017 1016 1047
f 1048 1046 1047 1049
f 1050 1045 1046 1048
f 1051 1044 1045 1050
f 1052 1043 1044 1051
f 1053 1042 1043 1052
f 1054 1041 1042 1053
f 1055 1039 1041 1054
f 1056 1038 1039 1055
f 1057 1040 1038 1056
f 1058 1059 1037 1040
f 1060 1058 1040 1057
f 1059 1061 1036 1037
f 1061 1062 1035 1036
f 1062 1063 1034 1035
f 1063 1064 1033 1034
f 1065 1066 1064 1063
f 1067 1065 1063 1062
f 1068 1067 1062 1061
f 1069 1068 1061 1059
f 1070 1069 1059 1058
f 1071 1070 1058 1060
f 1072 1060 1057 1073
f 1074 1071 1060 1072
f 1073 1057 1056 1075
f 1075 1056 1055 1076
f 1076 1055 1054 1077
f 1077 1054 1053 1078
f 1078 1053 1052 1079
f 1079 1052 1051 1080
f 1080 1051 1050 1081
f 1082 1080 1081 1083
f 1084 1079 1080 1082
f 1085 1078 1079 1084
f 1086 1077 1078 1085
f 1087 1076 1077 1086
f 1088 1075 1076 1087
f 1089 1073 1075 1088
f 1090 1072 1073 1089
f 1091 1074 1072 1090
f 1092 1093 1071 1074
f 1094 1092 1074 1091
f 1093 1095 1070 1071
f 1095 1096 1069 1070
f 1096 1097 1068 1069
f 1097 1098 1067 1068
f 1106 1094 1091 1107
f 1107 1091 1090 1109
f 1109 1090 1089 1110
f 1110 1089 1088 1111
f 1111 1088 1087 1112
f 1112 1087 1086 1113
f 1113 1086 1085 1114
f 1114 1085 1084 1115
f 1116 1114 1115 1117
f 1118 1113 1114 1116
f 1119 1112 1113 1118
f 1120 1111 1112 1119
f 1121 1110 1111 1120
f 1122 1109 1110 1121
f 1123 1107 1109 1122
f 1124 1106 1107 1123
f 1143 1124 1123 1144
f 1144 1123 1122 1145
f 1145 1122 1121 1146
f 1146 1121 1120 1147
f 1147 1120 1119 1148
f 1148 1119 1118 1149
f 1150 1148 1149 1151
f 1152 1147 1148 1150
f 1153 1146 1147 1152
f 1154 1145 1146 1153
f 1155 1144 1145 1154
f 1156 1143 1144 1155
f 1179 1156 1155 1180
f 1180 1155 1154 1181
f 1181 1154 1153 1182
f 1182 1153 1152 1183
f 1184 1182 1183 1185
f 1186 1181 1182 1184
f 1187 1180 1181 1186
f 1188 1179 1180 1187
f 1215 1188 1187 1216
f 1216 1187 1186 1217
f 1218 1216 1217 1219
f 1220 1215 1216 1218
f 1583 1584 1578 1579
f 1585 1583 1579 1581
f 1584 1586 1577 1578
f 1586 1587 1576 1577
f 1587 1588 1575 1576
f 1588 1589 1574 1575
f 1589 1590 1573 1574
f 1590 1591 1572 1573
f 1591 1592 1571 1572
f 1592 1593 1570 1571
f 1593 1594 1569 1570
f 1594 1595 1567 1569
f 1595 1596 1568 1567
f 1597 1598 1596 1595
f 1599 1597 1595 1594
f 1600 1599 1594 1593
f 1601 1600 1593 1592
f 1602 1601 1592 1591
f 1603 1602 1591 1590
f 1604 1603 1590 1589
f 1605 1604 1589 1588
f 1606 1605 1588 1587
f 1607 1606 1587 1586
f 1608 1607 1586 1584
f 1609 1608 1584 1583
f 1610 1609 1583 1585
f 1611 1585 1581 1612
f 1613 1610 1585 1611
f 1614 1615 1609 1610
f 1616 1614 1610 1613
f 1615 1617 1608 1609
f 1617 1618 1607 1608
f 1618 1619 1606 1607
f 1619 1620 1605 1606
f 1620 1621 1604 1605
f 1621 1622 1603 1604
f 1622 1623 1602 1603
f 1623 1624 1601 1602
f 1624 1625 1600 1601
f 1625 1626 1599 1600
f 1626 1627 1597 1599
f 1628 1629 1627 1626
f 1630 1628 1626 1625
f 1631 1630 1625 1624
f 1632 1631 1624 1623
f 1633 1632 1623 1622
f 1634 1633 1622 1621
f 1635 1634 1621 1620
f 1636 1635 1620 1619
f 1637 1636 1619 1618
f 1638 1637 1618 1617
f 1639 1638 1617 1615
f 1640 1639 1615 1614
f 1641 1640 1614 1616
f 1642 1616 1613 1643
f 1644 1641 1616 1642
f 1645 1646 1640 1641
f 1647 1645 1641 1644
f 1646 1648 1639 1640
f 1648 1649 1638 1639
f 1649 1650 1637 1638
f 1650 1651 1636 1637
f 1651 1652 1635 1636
f 1652 1653 1634 1635
f 1653 1654 1633 1634
f 1654 1655 1632 1633
f 1655 1656 1631 1632
f 1656 1657 1630 1631
f 1657 1658 1628 1630
f 1659 1660 1658 1657
f 1661 1659 1657 1656
f 1662 1661 1656 1655
f 1663 1662 1655 1654
f 1664 1663 1654 1653
f 1665 1664 1653 1652
f 1666 1665 1652 1651
f 1667 1666 1651 1650
f 1668 1667 1650 1649
f 1669 1668 1649 1648
f 1670 1669 1648 1646
f 1671 1670 1646 1645
f 1672 1671 1645 1647
f 1673 1647 1644 1674
f 1675 1672 1647 1673
f 1676 1677 1671 1672
f 1678 1676 1672 1675
f 1677 1679 1670 1671
f 1679 1680 1669 1670
f 1680 1681 1668 1669
f 1681 1682 1667 1668
f 1682 1683 1666 1667
f 1683 1684 1665 1666
f 1684 1685 1664 1665
f 1685 1686 1663 1664
f 1686 1687 1662 1663
f 1687 1688 1661 1662
f 1688 1689 1659 1661
f 1690 1691 1689 1688
f 1692 1690 1688 1687
f 1693 1692 1687 1686
f 1694 1693 1686 1685
f 1695 1694 1685 1684
f 1696 1695 1684 1683
f 1697 1696 1683 1682
f 1698 1697 1682 1681
f 1699 1698 1681 1680
f 1700 1699 1680 1679
f 1701 1700 1679 1677
f 1702 1701 1677 1676
f 1703 1702 1676 1678
f 1707 1708 1702 1703
f 1708 1710 1701 1702
f 1710 1711 1700 1701
f 1711 1712 1699 1700
f 1712 1713 1698 1699
f 1713 1714 1697 1698
f 1714 1715 1696 1697
f 1715 1716 1695 1696
f 1716 1717 1694 1695
f 1717 1718 1693 1694
f 1718 1719 1692 1693
f 1719 1720 1690 1692
f 1721 1722 1720 1719
f 1723 1721 1719 1718
f 1724 1723 1718 1717
f 1725 1724 1717 1716
f 1726 1725 1716 1715
f 1727 1726 1715 1714
f 1728 1727 1714 1713
f 1729 1728 1713 1712
f 1730 1729 1712 1711
f 1731 1730 1711 1710
f 1732 1731 1710 1708
f 1733 1732 1708 1707
f 1739 1741 1732 1733
f 1741 1742 1731 1732
f 1742 1743 1730 1731
f 1743 1744 1729 1730
f 1744 1745 1728 1729
f 1745 1746 1727 1728
f 1746 1747 1726 1727
f 1747 1748 1725 1726
f 1748 1749 1724 1725
f 1749 1750 1723 1724
f 1750 1751 1721 1723
f 1752 1753 1751 1750
f 1754 1752 1750 1749
f 1755 1754 1749 1748
f 1756 1755 1748 1747
f 1757 1756 1747 1746
f 1758 1757 1746 1745
f 1759 1758 1745 1744
f 1760 1759 1744 1743
f 1761 1760 1743 1742
f 1762 1761 1742 1741
f 1763 1762 1741 1739
f 1772 1773 1762 1763
f 1773 1774 1761 1762
f 1774 1775 1760 1761
f 1775 1776 1759 1760
f 1776 1777 1758 1759
f 1777 1778 1757 1758
f 1778 1779 1756 1757
f 1779 1780 1755 1756
f 1780 1781 1754 1755
f 1781 1782 1752 1754
f 1783 1784 1782 1781
f 1785 1783 1781 1780
f 1786 1785 1780 1779
f 1787 1786 1779 1778
f 1788 1787 1778 1777
f 1789 1788 1777 1776
f 1790 1789 1776 1775
f 1791 1790 1775 1774
f 1792 1791 1774 1773
f 1793 1792 1773 1772
f 1804 1805 1792 1793
f 1805 1806 1791 1792
f 1806 1807 1790 1791
f 1807 1808 1789 1790
f 1808 1809 1788 1789
f 1809 1810 1787 1788
f 1810 1811 1786 1787
f 1811 1812 1785 1786
f 1812 1813 1783 1785
f 1814 1815 1813 1812
f 1816 1814 1812 1811
f 1817 1816 1811 1810
f 1818 1817 1810 1809
f 1819 1818 1809 1808
f 1820 1819 1808 1807
f 1821 1820 1807 1806
f 1822 1821 1806 1805
f 1823 1822 1805 1804
f 1836 1837 1822 1823
f 1837 1838 1821 1822
f 1838 1839 1820 1821
f 1839 1840 1819 1820
f 1840 1841 1818 1819
f 1841 1842 1817 1818
f 1842 1843 1816 1817
f 1843 1844 1814 1816
f 1845 1846 1844 1843
f 1847 1845 1843 1842
f 1848 1847 1842 1841
f 1849 1848 1841 1840
f 1850 1849 1840 1839
f 1851 1850 1839 1838
f 1852 1851 1838 1837
f 1853 1852 1837 1836
f 1868 1869 1852 1853
f 1869 1870 1851 1852
f 1870 1871 1850 1851
f 1871 1872 1849 1850
f 1872 1873 1848 1849
f 1873 1874 1847 1848
f 1874 1875 1845 1847
f 1876 1877 1875 1874
f 1878 1876 1874 1873
f 1879 1878 1873 1872
f 1880 1879 1872 1871
f 1881 1880 1871 1870
f 1882 1881 1870 1869
f 1883 1882 1869 1868
f 1900 1901 1882 1883
f 1901 1902 1881 1882
f 1902 1903 1880 1881
f 1903 1904 1879 1880
f 1904 1905 1878 1879
f 1905 1906 1876 1878
f 1907 1908 1906 1905
f 1909 1907 1905 1904
f 1910 1909 1904 1903
f 1911 1910 1903 1902
f 1912 1911 1902 1901
f 1912 1901 1900 1913
f 1933 1912 1913 1932
f 1933 1934 1911 1912
f 1934 1935 1910 1911
f 1935 1936 1909 1910
f 1936 1937 1907 1909
f 1937 1962 1908 1907
f 1962 1963 1964 1908
f 1968 1990 1991 1992
f 1966 1968 1992 1993
f 1965 1966 1993 1994
f 1993 1992 1995 1996
f 1994 1993 1996 1997
f 1992 1991 1998 1995
f 1991 1999 2000 1998
f 1990 2001 1999 1991
f 2001 2022 2023 1999
f 1999 2023 2024 2000
f 2000 2024 2025 2026
f 1998 2000 2026 2027
f 1995 1998 2027 2028
f 2027 2026 2029 2030
f 2028 2027 2030 2031
f 2026 2025 2032 2029
f 2025 2033 2034 2032
f 2024 2035 2033 2025
f 2023 2036 2035 2024
f 2022 2037 2036 2023
f 2037 2052 2053 2036
f 2036 2053 2054 2035
f 2035 2054 2055 2033
f 2033 2055 2056 2034
f 2034 2056 2057 2058
f 2032 2034 2058 2059
f 2029 2032 2059 2060
f 2059 2058 2061 2062
f 2060 2059 2062 2063
f 2058 2057 2064 2061
f 2057 2065 2066 2064
f 2056 2067 2065 2057
f 2055 2068 2067 2056
f 2054 2069 2068 2055
f 2053 2070 2069 2054
f 2052 2071 2070 2053
f 2071 2082 2083 2070
f 2070 2083 2084 2069
f 2069 2084 2085 2068
f 2068 2085 2086 2067
f 2067 2086 2087 2065
f 2065 2087 2088 2066
f 2066 2088 2089 2090
f 2064 2066 2090 2091
f 2061 2064 2091 2092
f 2091 2090 2093 2094
f 2092 2091 2094 2095
f 2090 2089 2096 2093
f 2089 2097 2098 2096
f 2088 2099 2097 2089
f 2087 2100 2099 2088
f 2086 2101 2100 2087
f 2085 2102 2101 2086
f 2084 2103 2102 2085
f 2083 2104 2103 2084
f 2082 2105 2104 2083
f 2105 2112 2113 2104
f 2104 2113 2114 2103
f 2103 2114 2115 2102
f 2102 2115 2116 2101
f 2101 2116 2117 2100
f 2100 2117 2118 2099
f 2099 2118 2119 2097
f 2097 2119 2120 2098
f 2098 2120 2121 2122
f 2096 2098 2122 2123
f 2093 2096 2123 2124
f 2123 2122 2125 2126
f 2124 2123 2126 2127
f 2122 2121 2128 2125
f 2121 2129 2130 2128
f 2120 2131 2129 2121
f 2119 2132 2131 2120
f 2118 2133 2132 2119
f 2117 2134 2133 2118
f 2116 2135 2134 2117
f 2115 2136 2135 2116
f 2114 2137 2136 2115
f 2113 2138 2137 2114
f 2112 2139 2138 2113
f 2139 2141 2142 2138
f 2138 2142 2144 2137
f 2137 2144 2145 2136
f 2136 2145 2146 2135
f 2135 2146 2147 2134
f 2134 2147 2148 2133
f 2133 2148 2149 2132
f 2132 2149 2150 2131
f 2131 2150 2151 2129
f 2129 2151 2152 2130
f 2130 2152 2153 2154
f 2128 2130 2154 2155
f 2125 2128 2155 2156
f 2155 2154 2157 2158
f 2156 2155 2158 2159
f 2154 2153 2160 2157
f 2153 2161 2162 2160
f 2152 2163 2161 2153
f 2151 2164 2163 2152
f 2150 2165 2164 2151
f 2149 2166 2165 2150
f 2148 2167 2166 2149
f 2147 2168 2167 2148
f 2146 2169 2168 2147
f 2145 2170 2169 2146
f 2144 2171 2170 2145
f 2142 2172 2171 2144
f 2171 2173 2174 2170
f 2172 2175 2173 2171
f 2170 2174 2176 2169
f 2169 2176 2177 2168
f 2168 2177 2178 2167
f 2167 2178 2179 2166
f 2166 2179 2180 2165
f 2165 2180 2181 2164
f 2164 2181 2182 2163
f 2163 2182 2183 2161
f 2161 2183 2184 2162
f 2162 2184 2185 2186
f 2160 2162 2186 2187
f 2157 2160 2187 2188
f 2187 2186 2189 2190
f 2188 2187 2190 2191
f 2186 2185 2192 2189
f 2185 2193 2194 2192
f 2184 2195 2193 2185
f 2183 2196 2195 2184
f 2182 2197 2196 2183
f 2181 2198 2197 2182
f 2180 2199 2198 2181
f 2179 2200 2199 2180
f 2178 2201 2200 2179
f 2177 2202 2201 2178
f 2176 2203 2202 2177
f 2174 2204 2203 2176
f 2203 2205 2206 2202
f 2204 2207 2205 2203
f 2202 2206 2208 2201
f 2201 2208 2209 2200
f 2200 2209 2210 2199
f 2199 2210 2211 2198
f 2198 2211 2212 2197
f 2197 2212 2213 2196
f 2196 2213 2214 2195
f 2195 2214 2215 2193
f 2193 2215 2216 2194
f 2194 2216 2217 2218
f 2192 2194 2218 2219
f 2189 2192 2219 2220
f 2219 2218 2221 2222
f 2220 2219 2222 2223
f 2218 2217 2224 2221
f 2217 2225 2226 2224
f 2216 2227 2225 2217
f 2215 2228 2227 2216
f 2214 2229 2228 2215
f 2213 2230 2229 2214
f 2212 2231 2230 2213
f 2211 2232 2231 2212
f 2210 2233 2232 2211
f 2209 2234 2233 2210
f 2208 2235 2234 2209
f 2206 2236 2235 2208
f 2235 2237 2238 2234
f 2236 2239 2237 2235
f 2234 2238 2240 2233
f 2233 2240 2241 2232
f 2232 2241 2242 2231
f 2231 2242 2243 2230
f 2230 2243 2244 2229
f 2229 2244 2245 2228
f 2228 2245 2246 2227
f 2227 2246 2247 2225
f 2225 2247 2248 2226
f 2226 2248 2249 2250
f 2224 2226 2250 2251
f 2221 2224 2251 2252
f 2251 2250 2253 2254
f 2252 2251 2254 2255
f 2250 2249 2256 2253
f 2249 2257 2258 2256
f 2248 2259 2257 2249
f 2247 2260 2259 2248
f 2246 2261 2260 2247
f 2245 2262 2261 2246
f 2244 2263 2262 2245
f 2243 2264 2263 2244
f 2242 2265 2264 2243
f 2241 2266 2265 2242
f 2240 2267 2266 2241
f 2238 2268 2267 2240
f 2267 2269 2270 2266
f 2268 2271 2269 2267
f 2266 2270 2272 2265
f 2265 2272 2273 2264
f 2264 2273 2274 2263
f 2263 2274 2275 2262
f 2262 2275 2276 2261
f 2261 2276 2277 2260
f 2260 2277 2278 2259
f 2259 2278 2279 2257
f 2257 2279 2280 2258
f 2258 2280 2281 2282
f 2256 2258 2282 2283
f 2253 2256 2283 2284
f 2283 2282 2285 2286
f 2284 2283 2286 2287
f 2282 2281 2288 2285
f 2281 2289 2290 2288
f 2280 2291 2289 2281
f 2279 2292 2291 2280
f 2278 2293 2292 2279
f 2277 2294 2293 2278
f 2276 2295 2294 2277
f 2275 2296 2295 2276
f 2274 2297 2296 2275
f 2273 2298 2297 2274
f 2272 2299 2298 2273
f 2270 2300 2299 2272
f 2299 2301 2302 2298
f 2300 2303 2301 2299
f 2298 2302 2304 2297
f 2297 2304 2305 2296
f 2296 2305 2306 2295
f 2295 2306 2307 2294
f 2294 2307 2308 2293
f 2293 2308 2309 2292
f 2292 2309 2310 2291
f 2291 2310 2311 2289
f 2289 2311 2312 2290
f 2290 2312 2313 2314
f 2288 2290 2314 2315
f 2285 2288 2315 2316
f 2315 2314 2317 2318
f 2316 2315 2318 2319
f 2314 2313 2320 2317
f 2313 2321 2322 2320
f 2312 2323 2321 2313
f 2311 2324 2323 2312
f 2310 2325 2324 2311
f 2309 2326 2325 2310
f 2308 2327 2326 2309
f 2307 2328 2327 2308
f 2306 2329 2328 2307
f 2305 2330 2329 2306
f 2304 2331 2330 2305
f 2302 2332 2331 2304
f 2331 2333 2334 2330
f 2332 2335 2333 2331
f 2330 2334 2336 2329
f 2329 2336 2337 2328
f 2328 2337 2338 2327
f 2327 2338 2339 2326
f 2326 2339 2340 2325
f 2325 2340 2341 2324
f 2324 2341 2342 2323
f 2323 2342 2343 2321
f 2321 2343 2344 2322
f 2322 2344 2345 2346
f 2320 2322 2346 2347
f 2317 2320 2347 2348
f 2344 2355 2353 2345
f 2343 2356 2355 2344
f 2342 2357 2356 2343
f 2341 2358 2357 2342
f 2340 2359 2358 2341
f 2339 2360 2359 2340
f 2338 2361 2360 2339
f 2337 2362 2361 2338
f 2336 2363 2362 2337
f 2334 2364 2363 2336
f 2363 2365 2366 2362
f 2364 2367 2365 2363
f 2362 2366 2368 2361
f 2361 2368 2369 2360
f 2360 2369 2370 2359
f 2359 2370 2371 2358
f 2358 2371 2372 2357
f 2357 2372 2373 2356
f 2356 2373 2374 2355
f 2355 2374 2375 2353
f 2374 2389 2388 2375
f 2373 2390 2389 2374
f 2372 2391 2390 2373
f 2371 2392 2391 2372
f 2370 2393 2392 2371
f 2369 2394 2393 2370
f 2368 2395 2394 2369
f 2366 2396 2395 2368
f 2395 2397 2398 2394
f 2396 2399 2397 2395
f 2394 2398 2400 2393
f 2393 2400 2401 2392
f 2392 2401 2402 2391
f 2391 2402 2403 2390
f 2390 2403 2404 2389
f 2389 2404 2405 2388
f 2404 2423 2422 2405
f 2403 2424 2423 2404
f 2402 2425 2424 2403
f 2401 2426 2425 2402
f 2400 2427 2426 2401
f 2398 2428 2427 2400
f 2427 2429 2430 2426
f 2428 2431 2429 2427
f 2426 2430 2432 2425
f 2425 2432 2433 2424
f 2424 2433 2434 2423
f 2423 2434 2435 2422
f 2434 2457 2456 2435
f 2433 2458 2457 2434
f 2432 2459 2458 2433
f 2430 2460 2459 2432
f 2459 2461 2462 2458
f 2460 2463 2461 2459
f 2458 2462 2464 2457
f 2457 2464 2465 2456
f 2464 2491 2490 2465
f 2462 2492 2491 2464
f 2491 2493 2494 2490
f 2492 2495 2493 2491
f 2798 2799 2800 2782
f 2782 2800 2801 2780
f 2802 2780 2801 2803
f 2779 2780 2802 2778
f 2778 2802 2805 2804
f 2775 2778 2804 2776
f 2805 2802 2803 2806
f 2803 2801 2807 2808
f 2806 2803 2808 2809
f 2800 2810 2807 2801
f 2799 2811 2810 2800
f 2812 2813 2811 2799
f 468 466 2822 2813
f 2811 2813 2822 2823
f 2810 2811 2823 2824
f 2807 2810 2824 2825
f 2808 2807 2825 2826
f 2809 2808 2826 2827
f 2828 2809 2827 2829
f 2830 2806 2809 2828
f 2827 2826 2831 2832
f 2829 2827 2832 2833
f 2826 2825 2834 2831
f 2825 2824 2835 2834
f 2824 2823 502 2835
f 2823 2822 499 502
f 466 467 499 2822
f 2835 502 500 2836
f 2834 2835 2836 2837
f 2831 2834 2837 2838
f 2832 2831 2838 2839
f 2833 2832 2839 2840
f 2841 2833 2840 2842
f 2843 2829 2833 2841
f 2844 2828 2829 2843
f 2845 2830 2828 2844
f 2846 2805 2806 2830
f 2847 2846 2830 2845
f 2848 2845 2844 2849
f 2850 2847 2845 2848
f 2849 2844 2843 2851
f 2851 2843 2841 2852
f 2852 2841 2842 2853
f 2842 2840 2854 2855
f 2853 2842 2855 2856
f 2840 2839 2857 2854
f 2839 2838 2858 2857
f 2838 2837 534 2858
f 2837 2836 531 534
f 2836 500 501 531
f 2858 534 532 2859
f 2857 2858 2859 2860
f 2854 2857 2860 2861
f 2855 2854 2861 2862
f 2856 2855 2862 2863
f 2864 2856 2863 2865
f 2866 2853 2856 2864
f 2867 2852 2853 2866
f 2868 2851 2852 2867
f 2869 2849 2851 2868
f 2870 2848 2849 2869
f 2871 2850 2848 2870
f 2872 2873 2847 2850
f 2874 2872 2850 2871
f 2875 2871 2870 2876
f 2877 2874 2871 2875
f 2876 2870 2869 2878
f 2878 2869 2868 2879
f 2879 2868 2867 2880
f 2880 2867 2866 2881
f 2881 2866 2864 2882
f 2882 2864 2865 2883
f 2865 2863 2884 2885
f 2883 2865 2885 2886
f 2863 2862 2887 2884
f 2862 2861 2888 2887
f 2861 2860 568 2888
f 2860 2859 565 568
f 2888 568 566 2889
f 2887 2888 2889 2890
f 2884 2887 2890 2891
f 2885 2884 2891 2892
f 2886 2885 2892 2893
f 2894 2886 2893 2895
f 2896 2883 2886 2894
f 2897 2882 2883 2896
f 2898 2881 2882 2897
f 2899 2880 2881 2898
f 2900 2879 2880 2899
f 2901 2878 2879 2900
f 2902 2876 2878 2901
f 2903 2875 2876 2902
f 2904 2902 2901 2905
f 2906 2903 2902 2904
f 2905 2901 2900 2907
f 2907 2900 2899 2908
f 2908 2899 2898 2909
f 2909 2898 2897 2910
f 2910 2897 2896 2911
f 2911 2896 2894 2912
f 2912 2894 2895 2913
f 2895 2893 2914 2915
f 2913 2895 2915 2916
f 2893 2892 2917 2914
f 2892 2891 2918 2917
f 2891 2890 600 2918
f 2890 2889 597 600
f 2918 600 598 2919
f 2917 2918 2919 2920
f 2914 2917 2920 2921
f 2915 2914 2921 2922
f 2916 2915 2922 2923
f 896 2916 2923 894
f 2924 2913 2916 896
f 2925 2912 2913 2924
f 2926 2911 2912 2925
f 2927 2910 2911 2926
f 2928 2909 2910 2927
f 2929 2908 2909 2928
f 2930 2907 2908 2929
f 2931 2905 2907 2930
f 2932 2930 2929 2933
f 2934 2931 2930 2932
f 2933 2929 2928 2935
f 2935 2928 2927 2936
f 2936 2927 2926 2937
f 2937 2926 2925 2938
f 2938 2925 2924 2939
f 2939 2924 896 895
f 928 2939 895 897
f 930 2938 2939 928
f 2940 2937 2938 930
f 2941 2936 2937 2940
f 2942 2935 2936 2941
f 2943 2933 2935 2942
f 2944 2932 2933 2943
f 2945 2934 2932 2944
f 2946 2947 2931 2934
f 2948 2946 2934 2945
f 2947 2904 2905 2931
f 2949 2906 2904 2947
f 2950 2949 2947 2946
f 2951 2950 2946 2948
f 2952 2948 2945 2953
f 2954 2951 2948 2952
f 2953 2945 2944 2955
f 2955 2944 2943 2956
f 2956 2943 2942 2957
f 2957 2942 2941 2958
f 2958 2941 2940 2959
f 2959 2940 930 929
f 962 2959 929 931
f 964 2958 2959 962
f 2960 2957 2958 964
f 2961 2956 2957 2960
f 2962 2955 2956 2961
f 2963 2953 2955 2962
f 2964 2952 2953 2963
f 2965 2954 2952 2964
f 2966 2967 2951 2954
f 2968 2966 2954 2965
f 2967 2969 2950 2951
f 2969 2970 2949 2950
f 2970 2971 2906 2949
f 2971 2972 2903 2906
f 2980 2968 2965 2981
f 2981 2965 2964 2983
f 2983 2964 2963 2984
f 2984 2963 2962 2985
f 2985 2962 2961 2986
f 2986 2961 2960 2987
f 2987 2960 964 963
f 996 2987 963 965
f 998 2986 2987 996
f 2988 2985 2986 998
f 2989 2984 2985 2988
f 2990 2983 2984 2989
f 2991 2981 2983 2990
f 2992 2980 2981 2991
f 3013 2992 2991 3014
f 3014 2991 2990 3015
f 3015 2990 2989 3016
f 3016 2989 2988 3017
f 1032 3016 3017 1030
f 3018 3015 3016 1032
f 3019 3014 3015 3018
f 3020 3013 3014 3019
f 3047 3020 3019 3048
f 3049 3047 3048 1066
f 3408 3409 3398 3400
f 3410 3408 3400 3407
f 3409 3411 3397 3398
f 3411 3412 3396 3397
f 3412 3413 3395 3396
f 3413 3414 3394 3395
f 3414 3415 3393 3394
f 3415 3416 3392 3393
f 3416 3417 3391 3392
f 3417 2319 3390 3391
f 3418 2316 2319 3417
f 3419 3418 3417 3416
f 3420 3419 3416 3415
f 3421 3420 3415 3414
f 3422 3421 3414 3413
f 3423 3422 3413 3412
f 3424 3423 3412 3411
f 3425 3424 3411 3409
f 3426 3425 3409 3408
f 3427 3426 3408 3410
f 3428 3410 3407 3429
f 3430 3427 3410 3428
f 1596 3428 3429 1568
f 1598 3430 3428 1596
f 3432 3433 3427 3430
f 3434 3432 3430 1598
f 3433 3435 3426 3427
f 3435 3436 3425 3426
f 3436 3437 3424 3425
f 3437 3438 3423 3424
f 3438 3439 3422 3423
f 3439 3440 3421 3422
f 3440 3441 3420 3421
f 3441 2287 3419 3420
f 2287 2286 3418 3419
f 3442 2284 2287 3441
f 3443 3442 3441 3440
f 3444 3443 3440 3439
f 3445 3444 3439 3438
f 3446 3445 3438 3437
f 3447 3446 3437 3436
f 3448 3447 3436 3435
f 3449 3448 3435 3433
f 3450 3449 3433 3432
f 3451 3450 3432 3434
f 1627 3434 1598 1597
f 1629 3451 3434 1627
f 3452 3453 3450 3451
f 3454 3452 3451 1629
f 3453 3455 3449 3450
f 3455 3456 3448 3449
f 3456 3457 3447 3448
f 3457 3458 3446 3447
f 3458 3459 3445 3446
f 3459 3460 3444 3445
f 3460 2255 3443 3444
f 2255 2254 3442 3443
f 2254 2253 2284 3442
f 3461 2252 2255 3460
f 3462 3461 3460 3459
f 3463 3462 3459 3458
f 3464 3463 3458 3457
f 3465 3464 3457 3456
f 3466 3465 3456 3455
f 3467 3466 3455 3453
f 3468 3467 3453 3452
f 3469 3468 3452 3454
f 1658 3454 1629 1628
f 1660 3469 3454 1658
f 3470 3471 3468 3469
f 3472 3470 3469 1660
f 3471 3473 3467 3468
f 3473 3474 3466 3467
f 3474 3475 3465 3466
f 3475 3476 3464 3465
f 3476 3477 3463 3464
f 3477 2223 3462 3463
f 2223 2222 3461 3462
f 2222 2221 2252 3461
f 3478 2220 2223 3477
f 3479 3478 3477 3476
f 3480 3479 3476 3475
f 3481 3480 3475 3474
f 3482 3481 3474 3473
f 3483 3482 3473 3471
f 3484 3483 3471 3470
f 3485 3484 3470 3472
f 1689 3472 1660 1659
f 1691 3485 3472 1689
f 3486 3487 3484 3485
f 3488 3486 3485 1691
f 3487 3489 3483 3484
f 3489 3490 3482 3483
f 3490 3491 3481 3482
f 3491 3492 3480 3481
f 3492 2191 3479 3480
f 2191 2190 3478 3479
f 2190 2189 2220 3478
f 3493 2188 2191 3492
f 3494 3493 3492 3491
f 3495 3494 3491 3490
f 3496 3495 3490 3489
f 3497 3496 3489 3487
f 3498 3497 3487 3486
f 3499 3498 3486 3488
f 1720 3488 1691 1690
f 1722 3499 3488 1720
f 3500 3501 3498 3499
f 3502 3500 3499 1722
f 3501 3503 3497 3498
f 3503 3504 3496 3497
f 3504 3505 3495 3496
f 3505 2159 3494 3495
f 2159 2158 3493 3494
f 2158 2157 2188 3493
f 3506 2156 2159 3505
f 3507 3506 3505 3504
f 3508 3507 3504 3503
f 3509 3508 3503 3501
f 3510 3509 3501 3500
f 3511 3510 3500 3502
f 1751 3502 1722 1721
f 1753 3511 3502 1751
f 3512 3513 3510 3511
f 3514 3512 3511 1753
f 3513 3515 3509 3510
f 3515 3516 3508 3509
f 3516 2127 3507 3508
f 2127 2126 3506 3507
f 2126 2125 2156 3506
f 3517 2124 2127 3516
f 3518 3517 3516 3515
f 3519 3518 3515 3513
f 3520 3519 3513 3512
f 3521 3520 3512 3514
f 1782 3514 1753 1752
f 1784 3521 3514 1782
f 3522 3523 3520 3521
f 3524 3522 3521 1784
f 3523 3525 3519 3520
f 3525 2095 3518 3519
f 2095 2094 3517 3518
f 2094 2093 2124 3517
f 3526 2092 2095 3525
f 3527 3526 3525 3523
f 3528 3527 3523 3522
f 3529 3528 3522 3524
f 1813 3524 1784 1783
f 1815 3529 3524 1813
f 3530 3531 3528 3529
f 3532 3530 3529 1815
f 3531 2063 3527 3528
f 2063 2062 3526 3527
f 2062 2061 2092 3526
f 3533 2060 2063 3531
f 3534 3533 3531 3530
f 3535 3534 3530 3532
f 1844 3532 1815 1814
f 1846 3535 3532 1844
f 3536 2031 3534 3535
f 3537 3536 3535 1846
f 2031 2030 3533 3534
f 2030 2029 2060 3533
f 3538 2028 2031 3536
f 3539 3538 3536 3537
f 1875 3537 1846 1845
f 1877 3539 3537 1875
f 1997 1996 3538 3539
f 3540 1997 3539 1877
f 1996 1995 2028 3538
f 1906 3540 1877 1876
f 1964 1994 1997 3540
f 1908 1964 3540 1906
f 1963 1965 1994 1964
f 2286 2285 2316 3418
f 3611 3049 1066 1065
f 1098 3611 1065 1067
f 1066 3048 3612 1064
f 3048 3019 3018 3612
f 3612 3018 1032 1031
f 1064 3612 1031 1033
f 2319 2318 3389 3390
f 2318 2317 2348 3389
f 3636 3655 3656 3634
f 3654 3657 3655 3636
f 3634 3656 3658 3633
f 3656 3659 3660 3658
f 3661 3659 3656 3655
f 3662 3661 3655 3657
f 3666 3657 3654 3665
f 3665 3654 3653 3668
f 3679 3678 3661 3662
f 3678 3680 3659 3661
f 3659 3680 3681 3660
f 3660 3681 2872 2874
f 3658 3660 2874 2877
f 3633 3658 2877 2972
f 2972 2877 2875 2903
f 3681 3682 2873 2872
f 3680 3676 3682 3681
f 3683 3684 3682 3676
f 3677 3676 3680 3678
f 2777 2776 3684 3683
f 2776 2804 3686 3684
f 3684 3686 2873 3682
f 2873 3686 2846 2847
f 3686 2804 2805 2846
f 1030 3017 997 999
f 3017 2988 998 997
f 894 2923 861 863
f 2923 2922 862 861
f 2922 2921 3688 862
f 862 3688 3689 860
f 3688 634 632 3689
f 2921 2920 634 3688
f 3689 632 633 828
f 860 3689 828 829
f 2920 2919 631 634
f 2919 598 599 631
f 2889 566 567 597
f 2859 532 533 565
f 877 846 845 2525
f 879 877 2525 2524
f 2493 879 2524 2494
f 2495 878 879 2493
f 911 880 878 2495
f 913 911 2495 2492
f 2461 913 2492 2462
f 2463 912 913 2461
f 945 914 912 2463
f 947 945 2463 2460
f 2429 947 2460 2430
f 2431 946 947 2429
f 979 948 946 2431
f 981 979 2431 2428
f 2397 981 2428 2398
f 2399 980 981 2397
f 1013 982 980 2399
f 1015 1013 2399 2396
f 2365 1015 2396 2366
f 2367 1014 1015 2365
f 1047 1016 1014 2367
f 1049 1047 2367 2364
f 2333 1049 2364 2334
f 2335 1048 1049 2333
f 1081 1050 1048 2335
f 1083 1081 2335 2332
f 2301 1083 2332 2302
f 2303 1082 1083 2301
f 1115 1084 1082 2303
f 1117 1115 2303 2300
f 2269 1117 2300 2270
f 2271 1116 1117 2269
f 1149 1118 1116 2271
f 1151 1149 2271 2268
f 2237 1151 2268 2238
f 2239 1150 1151 2237
f 1183 1152 1150 2239
f 1185 1183 2239 2236
f 2205 1185 2236 2206
f 2207 1184 1185 2205
f 1217 1186 1184 2207
f 1219 1217 2207 2204
f 2173 1219 2204 2174
f 2175 1218 1219 2173
f 1251 1220 1218 2175
f 1253 1251 2175 2172
f 2141 1253 2172 2142
f 3803 1643 3813 3812
f 3802 1642 1643 3803
f 1674 1644 1642 3802
f 1643 1613 1611 3813
f 1611 1612 3814 3813
f 3812 3813 3814 3815
g Hole
f 1 2 3 4
f 1 4 6 5
f 7 1 5 9
f 11 4 3 10
f 6 4 11 12
f 9 5 6 12
f 9 12 14 13
f 11 10 20 21
f 12 11 21 23
f 14 12 23 24
f 32 21 20 22
f 32 22 33 34
f 36 23 21 32
f 23 36 37 24
f 48 34 33 35
f 48 35 49 50
f 32 34 52 36
f 53 52 34 48
f 36 52 54 37
f 50 49 69 71
f 72 50 71 73
f 53 48 50 72
f 54 52 53 55
f 53 72 74 55
f 93 71 69 68
f 93 68 91 94
f 95 73 71 93
f 117 94 91 90
f 117 90 115 118
f 95 93 94 119
f 120 119 94 117
f 357 358 359 350
f 360 350 359 361
f 360 361 380 362
f 359 382 383 361
f 361 383 384 380
f 359 358 385 382
f 358 386 387 385
f 385 387 388 389
f 385 389 390 382
f 382 390 391 383
f 384 383 391 392
f 384 392 394 393
f 380 384 393 381
f 381 393 396 395
f 378 395 397 377
f 398 399 408 400
f 407 400 408 409
f 399 397 410 411
f 408 399 411 412
f 395 396 410 397
f 396 393 394 413
f 396 413 414 410
f 411 410 414 427
f 411 427 428 412
f 429 412 428 430
f 408 412 429 409
f 409 429 432 431
f 407 409 431 405
f 405 431 433 404
f 431 432 434 433
f 432 429 430 435
f 432 435 436 434
f 465 434 436 464
f 465 464 469 470
f 645 646 644 643
f 645 643 647 648
f 649 114 644 646
f 649 118 115 114
f 650 651 118 649
f 650 649 646 652
f 653 652 646 645
f 653 645 648 654
f 648 647 655 656
f 654 648 656 657
f 658 656 655 615
f 657 656 658 659
f 154 652 653 155
f 650 652 154 153
f 661 651 650 153
f 117 118 651 120
f 120 651 661 121
f 659 658 663 662
f 658 615 664 663
f 666 663 664 665
f 667 662 663 666
f 666 668 669 667
f 667 669 221 220
f 666 665 670 668
f 672 668 670 671
f 673 669 668 672
f 221 669 673 222
f 673 672 674 675
f 673 675 676 222
f 672 671 677 674
f 680 674 677 679
f 681 675 674 680
f 676 675 681 682
f 681 683 684 682
f 680 685 683 681
f 680 679 686 685
f 685 686 687 688
f 690 683 685 688
f 684 683 690 254
f 690 691 692 254
f 688 693 691 690
f 693 688 687 689
f 693 689 694 695
f 691 693 695 698
f 692 691 698 286
f 698 699 287 286
f 699 698 695 700
f 700 695 694 697
f 700 697 701 702
f 707 702 701 704
f 707 704 708 709
f 700 702 711 699
f 712 711 702 707
f 287 699 711 288
f 711 712 713 288
f 707 709 714 712
f 712 714 715 713
f 709 708 716 717
f 718 714 709 717
f 727 717 716 719
f 727 719 725 728
f 717 727 729 718
f 715 714 718 730
f 718 729 731 730
f 731 729 734 733
f 729 727 728 734
f 735 728 725 724
f 736 734 728 735
f 735 724 737 738
f 737 745 746 738
f 735 738 747 736
f 748 747 738 746
f 736 747 750 749
f 734 736 749 733
f 748 746 752 753
f 748 753 754 751
f 752 746 745 743
f 752 743 755 756
f 759 760 758 744
f 759 744 762 763
f 764 763 762 761
f 764 761 388 387
f 765 766 759 763
f 767 765 763 764
f 768 760 759 766
f 768 770 769 760
f 756 755 757 769
f 753 752 756 771
f 756 769 770 771
f 772 754 753 771
f 771 770 768 766
f 775 766 765 776
f 777 776 765 767
f 777 767 386 356
f 386 767 764 387
f 1532 1534 1535 1533
f 1531 1536 1534 1532
f 1530 1537 1536 1531
f 1529 1538 1537 1530
f 1709 1706 1735 1736
f 1734 1709 1736 1737
f 1734 1737 1740 1738
f 1765 1764 1738 1740
f 1925 1949 1950 1947
f 1949 1956 1957 1950
f 1956 1970 1969 1957
f 1970 1987 1988 1969
f 1987 2004 2003 1988
f 2004 2019 2020 2003
f 2019 2040 2039 2020
f 2040 2049 2050 2039
f 2049 2074 2073 2050
f 2074 2079 2080 2073
f 2080 2079 2108 2107
f 2453 2454 2467 2468
f 2468 2467 2488 2487
f 2498 2497 2522 2521
f 2521 2522 2527 2528
f 2528 2527 2556 2555
f 2555 2556 2557 2558
f 2743 2735 2745 2746
f 2748 2749 2744 2736
f 2749 2766 2767 2768
f 2749 2768 2769 2744
f 2744 2769 2770 2745
f 2746 2745 2770 2771
f 2772 2746 2771 2773
f 2743 2746 2772 2774
f 2771 2770 2775 2776
f 2771 2776 2777 2773
f 2769 2778 2775 2770
f 2769 2768 2779 2778
f 2767 2780 2779 2768
f 2767 2781 2782 2780
f 2783 2781 2767 2766
f 2765 2764 2783 2766
f 2764 2785 2786 2783
f 2792 2793 2794 2787
f 2794 2795 2796 2785
f 2786 2785 2796 2797
f 2786 2797 2781 2783
f 2797 2798 2782 2781
f 2796 2795 2812 2799
f 2796 2799 2798 2797
f 2814 2813 2812 2795
f 2793 2814 2795 2794
f 2793 2792 2815 2816
f 2816 2817 2814 2793
f 2815 2820 2821 2816
f 2821 470 2817 2816
f 2817 470 469 468
f 2814 2817 468 2813
f 3404 3405 3401 3402
f 1533 1535 3405 3404
f 3642 3646 3647 3640
f 3648 3640 3647 3649
f 3663 3664 3662 3657
f 3663 3657 3666 3667
f 3651 3650 3670 3652
f 3669 3652 3670 3671
f 3650 3648 3649 3670
f 3649 3647 3672 3664
f 3649 3664 3663 3670
f 3646 3673 3672 3647
f 3645 3674 3673 3646
f 3644 3675 3674 3645
f 3675 3676 3677 3674
f 3673 3674 3677 3678
f 3673 3678 3679 3672
f 3672 3679 3662 3664
f 3675 3685 3683 3676
f 3644 2774 3685 3675
f 3685 2773 2777 3683
f 2772 2773 3685 2774
f 3687 2774 3644 3643
f 3671 3670 3663 3667
f 3671 3667 3668 3669
f 3667 3666 3665 3668
f 2821 2820 465 470
f 433 434 465 2820
f 3693 3695 3694 3692
f 2558 2557 3695 3693
f 3799 3800 3798 3789
f 3801 3799 3789 3788
f 1705 3801 3788 3787
f 3800 3804 3805 3798
f 3804 3811 3810 3805
f 3816 3817 3810 3811
f 3810 3817 3818 3809
f 3818 3817 1582 3819
